batch_key,venue_id,expected_name,new_name,source_id,source_url,note
rename-michelin-2026-france,ve_01ff2b098d,L'ODAS,L'Odas,michelin,https://guide.michelin.com/en/normandie/rouen/restaurant/l-odas,case only; Michelin is the only publisher that can vote
rename-michelin-2026-france,ve_023efa5fc2,Restaurant Cédric Burtin,Cédric Burtin,michelin,https://guide.michelin.com/en/bourgogne-franche-comte/saint-rmy/restaurant/cedric-burtin,Michelin spelling; Michelin is the only publisher that can vote
rename-michelin-2026-france,ve_0320deb2e1,"Restaurant ""Les Pieds dans l’eau""",Les Pieds Dans l'Eau,michelin,https://guide.michelin.com/en/normandie/saint-langis-les-mortagne/restaurant/les-pieds-dans-l-eau,Michelin spelling; Michelin is the only publisher that can vote
rename-michelin-2026-france,ve_03cccc1eff,Restaurant Guy Lassausaie,Guy Lassausaie,michelin,https://guide.michelin.com/en/auvergne-rhone-alpes/chasselay/restaurant/guy-lassausaie,Michelin spelling; Michelin is the only publisher that can vote
rename-michelin-2026-france,ve_049080c2ad,Restaurant Jarapea,Jarapea,michelin,https://guide.michelin.com/en/nouvelle-aquitaine/irouleguy/restaurant/jarapea,Michelin spelling; Michelin is the only publisher that can vote
rename-michelin-2026-france,ve_054f1f59a0,NHOME,Nhome,michelin,https://guide.michelin.com/en/ile-de-france/paris/restaurant/nhome,case only; Michelin is the only publisher that can vote
rename-michelin-2026-france,ve_05c971ee12,Restaurant Le Saint Georges,Le Saint-Georges,michelin,https://guide.michelin.com/en/occitanie/palavas-les-flots/restaurant/le-st-georges431652,Michelin spelling; Michelin is the only publisher that can vote
rename-michelin-2026-france,ve_082c5146d3,Grand Hôtel du Lion D'Or,Grand Hôtel du Lion d'Or,michelin,https://guide.michelin.com/en/centre-val-de-loire/romorantin-lanthenay/restaurant/grand-hotel-du-lion-d-or,case only; Michelin is the only publisher that can vote
rename-michelin-2026-france,ve_0b3b6ae541,l'Atelier Flavien Valère,L'Atelier Flavien Valère,michelin,https://guide.michelin.com/en/nouvelle-aquitaine/langon/restaurant/l-atelier-flavien-valere,case only; Michelin is the only publisher that can vote
rename-michelin-2026-france,ve_0b86351c11,Restaurant Ochre,Ochre,michelin,https://guide.michelin.com/en/ile-de-france/rueil-malmaison/restaurant/ochre,Michelin spelling; Michelin is the only publisher that can vote
rename-michelin-2026-france,ve_0c4e0915ee,Auberge des Glazicks,L'Auberge des Glazicks,michelin,https://guide.michelin.com/en/bretagne/plomodiern/restaurant/l-auberge-des-glazicks,Michelin spelling; Michelin is the only publisher that can vote
rename-michelin-2026-france,ve_0cb1664757,Hotel-Restaurant Villa de l'Etang Blanc,Villa de l'Étang Blanc,michelin,https://guide.michelin.com/en/nouvelle-aquitaine/seignosse/restaurant/villa-de-l-etang-blanc,Michelin spelling; Michelin is the only publisher that can vote
rename-michelin-2026-france,ve_0dbdcc762c,Restaurant L'Oustau de Baumanière***,L'Oustau de Baumanière,michelin,https://guide.michelin.com/en/provence-alpes-cote-dazur/les-baux-de-provence/restaurant/l-oustau-de-baumaniere,Michelin spelling; Michelin is the only publisher that can vote
rename-michelin-2026-france,ve_0e67db9894,Jardin Des Sens,Jardin des Sens,michelin,https://guide.michelin.com/en/occitanie/montpellier/restaurant/jardin-des-sens,case only; Michelin is the only publisher that can vote
rename-michelin-2026-france,ve_0eba909fa4,Restaurant Jérôme Feck,Jérôme Feck,michelin,https://guide.michelin.com/en/grand-est/chlons-en-champagne/restaurant/jerome-feck,Michelin spelling; Michelin is the only publisher that can vote
rename-michelin-2026-france,ve_101f57b1dc,Restaurant L'Atelier,L'Atelier,michelin,https://guide.michelin.com/en/nouvelle-aquitaine/issigeac/restaurant/l-atelier,Michelin spelling; Michelin is the only publisher that can vote
rename-michelin-2026-france,ve_10b8eaf5ef,Restaurant Frédéric Doucet,Frédéric Doucet,michelin,https://guide.michelin.com/en/bourgogne-franche-comte/charolles/restaurant/frederic-doucet,Michelin spelling; Michelin is the only publisher that can vote
rename-michelin-2026-france,ve_10e5b8d3d7,Restaurant PURETÉ,Pureté,michelin,https://guide.michelin.com/en/hauts-de-france/lille/restaurant/purete,Michelin spelling; Michelin is the only publisher that can vote
rename-michelin-2026-france,ve_11cfd04600,O Flaveurs,Ô Flaveurs,michelin,https://guide.michelin.com/en/auvergne-rhone-alpes/douvaine/restaurant/o-flaveurs,case and accents; Michelin is the only publisher that can vote
rename-michelin-2026-france,ve_120e307eb0,Restaurant L'Olivier,L'Olivier,michelin,https://guide.michelin.com/en/grand-est/fr-munster/restaurant/l-olivier-1196706,Michelin spelling; Michelin is the only publisher that can vote
rename-michelin-2026-france,ve_13f86693b1,Restaurant l'émulsion,L'Émulsion,michelin,https://guide.michelin.com/en/auvergne-rhone-alpes/saint-alban-de-roche/restaurant/l-emulsion327218,Michelin spelling; Michelin is the only publisher that can vote
rename-michelin-2026-france,ve_152fb62579,Restaurant Akashon,Akashon,michelin,https://guide.michelin.com/en/auvergne-rhone-alpes/chamonix-mont-blanc/restaurant/akashon,Michelin spelling; Michelin is the only publisher that can vote
rename-michelin-2026-france,ve_156553c418,Restaurant Le Beaujolais,Le Beaujolais,michelin,https://guide.michelin.com/en/auvergne-rhone-alpes/belleville-auvergne-rhone-alpes/restaurant/le-beaujolais,Michelin spelling; Michelin is the only publisher that can vote
rename-michelin-2026-france,ve_1577ca7b7e,Restaurant Maison Cachée,Maison Cachée,michelin,https://guide.michelin.com/en/bretagne/rochefort-en-terre_1569018/restaurant/maison-cachee,Michelin spelling; Michelin is the only publisher that can vote
rename-michelin-2026-france,ve_16bdd233b0,Hôtel-Restaurant Le Relais de la Poste,Le Relais de la Poste,michelin,https://guide.michelin.com/en/grand-est/la-wantzenau/restaurant/relais-de-la-poste,Michelin spelling; Michelin is the only publisher that can vote
rename-michelin-2026-france,ve_1986da12de,SO,So,michelin,https://guide.michelin.com/en/bourgogne-franche-comte/dijon/restaurant/so,case only; Michelin is the only publisher that can vote
rename-michelin-2026-france,ve_1990fd1147,Restaurant Le Cygne,Le Cygne,michelin,https://guide.michelin.com/en/grand-est/gundershoffen/restaurant/le-cygne,Michelin spelling; Michelin is the only publisher that can vote
rename-michelin-2026-france,ve_1a6bd9c48e,CABANE,Cabane,michelin,https://guide.michelin.com/en/ile-de-france/nanterre/restaurant/cabane,case only; Michelin is the only publisher that can vote
rename-michelin-2026-france,ve_1cc58df978,Restaurant TOPAZE,Topaze,michelin,https://guide.michelin.com/en/pays-de-la-loire/saint-nazaire/restaurant/topaze,Michelin spelling; Michelin is the only publisher that can vote
rename-michelin-2026-france,ve_1ced33e109,FIDELIS,Fidelis,michelin,https://guide.michelin.com/en/bretagne/saint-malo/restaurant/fidelis,case only; Michelin is the only publisher that can vote
rename-michelin-2026-france,ve_1d45b90d41,Restaurant Alan Geaam,Alan Geaam,michelin,https://guide.michelin.com/en/ile-de-france/paris/restaurant/alan-geaam,Michelin spelling; Michelin is the only publisher that can vote
rename-michelin-2026-france,ve_1e0a5a501f,Restaurant le Farçon,Le Farçon,michelin,https://guide.michelin.com/en/auvergne-rhone-alpes/courchevel/restaurant/le-farcon,Michelin spelling; Michelin is the only publisher that can vote
rename-michelin-2026-france,ve_1e4cfc0414,LA BÒRIA,La Bòria,michelin,https://guide.michelin.com/en/auvergne-rhone-alpes/veyras/restaurant/la-boria-1200901,case only; Michelin is the only publisher that can vote
rename-michelin-2026-france,ve_1f9d04e96f,Restaurant En Pleine Nature,En Pleine Nature,michelin,https://guide.michelin.com/en/occitanie/quint-fonsegrives/restaurant/en-pleine-nature,Michelin spelling; Michelin is the only publisher that can vote
rename-michelin-2026-france,ve_20ef8a2874,Le Voyage D'Ernestine,Le Voyage d'Ernestine,michelin,https://guide.michelin.com/en/occitanie/alvignac_1490419/restaurant/le-voyage-d-ernestine,case only; Michelin is the only publisher that can vote
rename-michelin-2026-france,ve_21529fc55c,Neige d'été,Neige d'Été,michelin,https://guide.michelin.com/en/ile-de-france/paris/restaurant/neige-d-ete,case only; Michelin is the only publisher that can vote
rename-michelin-2026-france,ve_21cd5c1365,Restaurant Circle,Circle,michelin,https://guide.michelin.com/en/auvergne-rhone-alpes/lyon/restaurant/circle,Michelin spelling; Michelin is the only publisher that can vote
rename-michelin-2026-france,ve_22548593ff,La maison Despouès,La Maison Despouès,michelin,https://guide.michelin.com/en/occitanie/puylausic_1498483/restaurant/la-maison-despoues,case only; Michelin is the only publisher that can vote
rename-michelin-2026-france,ve_2332f48c17,Restaurant Paul Bocuse,Paul Bocuse,michelin,https://guide.michelin.com/en/auvergne-rhone-alpes/collonges-au-mont-d-or/restaurant/paul-bocuse,Michelin spelling; Michelin is the only publisher that can vote
rename-michelin-2026-france,ve_238989dcec,Restaurant Dan B.,Dan B.,michelin,https://guide.michelin.com/en/provence-alpes-cote-dazur/ventabren/restaurant/dan-b,Michelin spelling; Michelin is the only publisher that can vote
rename-michelin-2026-france,ve_25fc60c8fe,Restaurant l'IØDE,L'IØDE,michelin,https://guide.michelin.com/en/nouvelle-aquitaine/saintes/restaurant/l-iode,Michelin spelling; Michelin is the only publisher that can vote
rename-michelin-2026-france,ve_27bf87983c,Les Epices Curiens,Les Épices Curiens,michelin,https://guide.michelin.com/en/grand-est/couviez/restaurant/les-epices-curiens,case and accents; Michelin is the only publisher that can vote
rename-michelin-2026-france,ve_2a8ec4ed1a,Episodes,Épisodes,michelin,https://guide.michelin.com/en/ile-de-france/paris/restaurant/episodes,case and accents; Michelin is the only publisher that can vote
rename-michelin-2026-france,ve_2b515ada6c,AUMI,Aumì,michelin,https://guide.michelin.com/en/nouvelle-aquitaine/puymoyen/restaurant/aumi,case and accents; Michelin is the only publisher that can vote
rename-michelin-2026-france,ve_2cd490ae81,LAIT THYM SEL,Lait Thym Sel,michelin,https://guide.michelin.com/en/pays-de-la-loire/angers/restaurant/lait-thym-sel,case only; Michelin is the only publisher that can vote
rename-michelin-2026-france,ve_2dca11e0ed,OXALIS,Oxalis,michelin,https://guide.michelin.com/en/auvergne-rhone-alpes/marcols/restaurant/oxalis-1209557,case only; Michelin is the only publisher that can vote
rename-michelin-2026-france,ve_2e985904ad,Fleur de pavé,Fleur de Pavé,michelin,https://guide.michelin.com/en/ile-de-france/paris/restaurant/fleur-de-pave,case only; Michelin is the only publisher that can vote
rename-michelin-2026-france,ve_2f2b83b250,Restaurant Alexis Baudin,Alexis Baudin,michelin,https://guide.michelin.com/en/grand-est/malling/restaurant/alexis-baudin,Michelin spelling; Michelin is the only publisher that can vote
rename-michelin-2026-france,ve_305db3beb3,l'Arnsbourg,L'Arnsbourg,michelin,https://guide.michelin.com/en/grand-est/baerenthal/restaurant/l-arnsbourg,case only; Michelin is the only publisher that can vote
rename-michelin-2026-france,ve_307af7ab89,La Chapelle Saint Martin,La Chapelle Saint-Martin,michelin,https://guide.michelin.com/en/nouvelle-aquitaine/nieul_1470595/restaurant/chapelle-saint-martin,punctuation and spacing; Michelin is the only publisher that can vote
rename-michelin-2026-france,ve_31fc6f58b0,Jk Restaurant,JK Restaurant,michelin,https://guide.michelin.com/en/bourgogne-franche-comte/chassy_1527287/restaurant/jk-restaurant,case only; Michelin is the only publisher that can vote
rename-michelin-2026-france,ve_33a1b4d4fc,JIN,Jin,michelin,https://guide.michelin.com/en/ile-de-france/paris/restaurant/jin,case only; Michelin is the only publisher that can vote
rename-michelin-2026-france,ve_35ccab770a,L' Ardoise,L'Ardoise,michelin,https://guide.michelin.com/en/pays-de-la-loire/angers/restaurant/l-ardoise-502593,punctuation and spacing; Michelin is the only publisher that can vote
rename-michelin-2026-france,ve_35d4ecca12,Le Clos Des Sens,Le Clos des Sens,michelin,https://guide.michelin.com/en/auvergne-rhone-alpes/annecy/restaurant/le-clos-des-sens,case only; Michelin is the only publisher that can vote
rename-michelin-2026-france,ve_3755ee4117,Auberge chez Guth,Auberge Chez Guth,michelin,https://guide.michelin.com/en/grand-est/steige/restaurant/auberge-chez-guth,case only; Michelin is the only publisher that can vote
rename-michelin-2026-france,ve_379053fb48,Restaurant Madame B,Madame B,michelin,https://guide.michelin.com/en/nouvelle-aquitaine/bordeaux/restaurant/madame-b,Michelin spelling; Michelin is the only publisher that can vote
rename-michelin-2026-france,ve_384b63bd3a,L'empreinte,L'Empreinte,michelin,https://guide.michelin.com/en/occitanie/tarbes/restaurant/l-empreinte499783,case only; Michelin is the only publisher that can vote
rename-michelin-2026-france,ve_38a2036e3d,Côteaux et Fourchettes,Coteaux et Fourchettes,michelin,https://guide.michelin.com/en/provence-alpes-cote-dazur/cairanne/restaurant/coteaux-et-fourchettes,case and accents; Michelin is the only publisher that can vote
rename-michelin-2026-france,ve_38c864a72f,Table de MEE,La Table de Mee,michelin,https://guide.michelin.com/en/ile-de-france/paris/restaurant/la-table-de-mee,Michelin spelling; Michelin is the only publisher that can vote
rename-michelin-2026-france,ve_39ac1adc6c,Hôtel Casadelmar,Casadelmar,michelin,https://guide.michelin.com/en/corse/porto-vecchio/restaurant/casadelmar,Michelin spelling; Michelin is the only publisher that can vote
rename-michelin-2026-france,ve_3b1fb8d8f2,Les 9 Névés,Les 9 névés,michelin,https://guide.michelin.com/en/auvergne-rhone-alpes/beaufort_1509411/restaurant/les-9-neves,case only; Michelin is the only publisher that can vote
rename-michelin-2026-france,ve_3c84380295,Olive&Artichaut,Olive & Artichaut,michelin,https://guide.michelin.com/en/provence-alpes-cote-dazur/nice/restaurant/olive-et-artichaut,punctuation and spacing; Michelin is the only publisher that can vote
rename-michelin-2026-france,ve_3cb99fd3d6,Restaurant Soléna,Soléna,michelin,https://guide.michelin.com/en/nouvelle-aquitaine/bordeaux/restaurant/solena,Michelin spelling; Michelin is the only publisher that can vote
rename-michelin-2026-france,ve_3d9ae68450,Restaurant Au Pont Corbeau,Au Pont Corbeau,michelin,https://guide.michelin.com/en/grand-est/strasbourg/restaurant/au-pont-du-corbeau,Michelin spelling; Michelin is the only publisher that can vote
rename-michelin-2026-france,ve_40366c0dda,Restaurant Le Bistrot 270,Le Bistrot 270,michelin,https://guide.michelin.com/en/auvergne-rhone-alpes/malataverne/restaurant/le-bistrot-270,Michelin spelling; Michelin is the only publisher that can vote
rename-michelin-2026-france,ve_41ab1bd7bd,L'épicurieux chez Luc,L'Épicurieux chez Luc,michelin,https://guide.michelin.com/en/auvergne-rhone-alpes/curis-au-mont-d-or_1510529/restaurant/l-epicurieux-chez-luc,case only; Michelin is the only publisher that can vote
rename-michelin-2026-france,ve_42a5fc32bc,Restaurant Pollen,Pollen,michelin,https://guide.michelin.com/en/provence-alpes-cote-dazur/avignon/restaurant/pollen1000267,Michelin spelling; Michelin is the only publisher that can vote
rename-michelin-2026-france,ve_47aea93e3a,Auberge Du Vert Mont,Auberge du Vert Mont,michelin,https://guide.michelin.com/en/hauts-de-france/boeschepe/restaurant/auberge-du-vert-mont,case only; Michelin is the only publisher that can vote
rename-michelin-2026-france,ve_4813cef5a6,La Maison De Pierre,La Maison de Pierre,michelin,https://guide.michelin.com/en/nouvelle-aquitaine/hasparren/restaurant/la-maison-de-pierre,case only; Michelin is the only publisher that can vote
rename-michelin-2026-france,ve_488f806834,Dyades Au Domaine Des Etangs,Dyades au Domaine des Étangs,michelin,https://guide.michelin.com/en/nouvelle-aquitaine/massignac/restaurant/dyades-au-domaine-des-etangs,case and accents; Michelin is the only publisher that can vote
rename-michelin-2026-france,ve_48912b20f9,Restaurant David Toutain,David Toutain,michelin,https://guide.michelin.com/en/ile-de-france/paris/restaurant/david-toutain,Michelin spelling; Michelin is the only publisher that can vote
rename-michelin-2026-france,ve_48fb509454,Bistrot La Coulemelle,Bistrot la Coulemelle,michelin,https://guide.michelin.com/en/auvergne-rhone-alpes/saint-bonnet-le-froid/restaurant/bistrot-la-coulemelle,case only; Michelin is the only publisher that can vote
rename-michelin-2026-france,ve_493998ebb3,Le Kaiku,Le Kaïku,michelin,https://guide.michelin.com/en/nouvelle-aquitaine/saint-jean-de-luz/restaurant/le-kaiku,case and accents; Michelin is the only publisher that can vote
rename-michelin-2026-france,ve_4a55e63127,Restaurant La Chebaudière,La Chebaudière,michelin,https://guide.michelin.com/en/bretagne/auray/restaurant/la-chebaudiere,Michelin spelling; Michelin is the only publisher that can vote
rename-michelin-2026-france,ve_4b86bdb91b,Restaurant monsieur Robert,Monsieur Robert,michelin,https://guide.michelin.com/en/nouvelle-aquitaine/saint-robert_1472156/restaurant/monsieur-robert,Michelin spelling; Michelin is the only publisher that can vote
rename-michelin-2026-france,ve_4c2452517e,LE RAISIN,Le Raisin,michelin,https://guide.michelin.com/en/auvergne-rhone-alpes/pont-de-vaux/restaurant/le-raisin,case only; Michelin is the only publisher that can vote
rename-michelin-2026-france,ve_4d144afb56,Château d'Adomenil,Château d'Adoménil,michelin,https://guide.michelin.com/en/grand-est/lunville/restaurant/chateau-d-adomenil,case and accents; Michelin is the only publisher that can vote
rename-michelin-2026-france,ve_4d254317ea,Saint-Placide,Le Saint Placide,michelin,https://guide.michelin.com/en/bretagne/saint-malo/restaurant/le-st-placide,Michelin spelling; Michelin is the only publisher that can vote
rename-michelin-2026-france,ve_4e73948e8f,Restaurant Pré Saint Jean,Le Pré Saint Jean,michelin,https://guide.michelin.com/en/occitanie/pzenas/restaurant/le-pre-st-jean,Michelin spelling; Michelin is the only publisher that can vote
rename-michelin-2026-france,ve_4ef700d74a,Peck & co.,Peck & Co,michelin,https://guide.michelin.com/en/bretagne/brest/restaurant/peck-co,punctuation and spacing; Michelin is the only publisher that can vote
rename-michelin-2026-france,ve_503267190f,Le Bistrot du Pollet,Bistrot du Pollet,michelin,https://guide.michelin.com/en/normandie/dieppe/restaurant/bistrot-du-pollet,Michelin spelling; Michelin is the only publisher that can vote
rename-michelin-2026-france,ve_50f7dc8e41,La Table Bagésienne,La Table Bâgésienne,michelin,https://guide.michelin.com/en/auvergne-rhone-alpes/bg-le-chtel/restaurant/la-table-bagesienne,case and accents; Michelin is the only publisher that can vote
rename-michelin-2026-france,ve_5185174abe,Restaurant SaQuaNa,SaQuaNa,michelin,https://guide.michelin.com/en/normandie/honfleur/restaurant/saquana,Michelin spelling; Michelin is the only publisher that can vote
rename-michelin-2026-france,ve_53f4614426,Restaurant Une Table à Deux,Une Table à Deux,michelin,https://guide.michelin.com/en/occitanie/toulouse/restaurant/une-table-a-deux,Michelin spelling; Michelin is the only publisher that can vote
rename-michelin-2026-france,ve_540fbdb0db,Restaurant Ed.Em,Ed.Em,michelin,https://guide.michelin.com/en/bourgogne-franche-comte/chassagne-montrachet/restaurant/ed-em,Michelin spelling; Michelin is the only publisher that can vote
rename-michelin-2026-france,ve_541100d8fa,Manoir de Lan Kerellec,Manoir de Lan-Kerellec,michelin,https://guide.michelin.com/en/bretagne/trbeurden/restaurant/manoir-de-lan-kerellec,punctuation and spacing; Michelin is the only publisher that can vote
rename-michelin-2026-france,ve_54654daa96,AGAPES,Agapes,michelin,https://guide.michelin.com/en/occitanie/toulouse/restaurant/agapes,case only; Michelin is the only publisher that can vote
rename-michelin-2026-france,ve_55d4d282cc,Hôtel Radio,Radio,michelin,https://guide.michelin.com/en/auvergne-rhone-alpes/chamalires/restaurant/radio10778,Michelin spelling; Michelin is the only publisher that can vote
rename-michelin-2026-france,ve_5968472196,LE WELCOME,Le Welcome,michelin,https://guide.michelin.com/en/auvergne-rhone-alpes/chamalires/restaurant/le-welcome,case only; Michelin is the only publisher that can vote
rename-michelin-2026-france,ve_598810e8fe,Restaurant Divellec,Divellec,michelin,https://guide.michelin.com/en/ile-de-france/paris/restaurant/divellec,Michelin spelling; Michelin is the only publisher that can vote
rename-michelin-2026-france,ve_59baf7ce7f,Epicure,Épicure,michelin,https://guide.michelin.com/en/ile-de-france/paris/restaurant/epicure,case and accents; Michelin is the only publisher that can vote
rename-michelin-2026-france,ve_5a2faf7397,Restaurant Mirazur,Mirazur,michelin,https://guide.michelin.com/en/provence-alpes-cote-dazur/menton/restaurant/mirazur,Michelin spelling; Michelin is the only publisher that can vote
rename-michelin-2026-france,ve_5a67e55a7a,Hôtel L' Assiette Champenoise,Assiette Champenoise,michelin,https://guide.michelin.com/en/grand-est/reims/restaurant/assiette-champenoise,Michelin spelling; Michelin is the only publisher that can vote
rename-michelin-2026-france,ve_5ab33e0684,GLAZ,Glaz,michelin,https://guide.michelin.com/en/bretagne/pont-croix_1568702/restaurant/glaz,case only; Michelin is the only publisher that can vote
rename-michelin-2026-france,ve_5b1ab313d4,A l'Improviste,À L'Improviste,michelin,https://guide.michelin.com/en/ile-de-france/paris/restaurant/a-l-improviste,case and accents; Michelin is the only publisher that can vote
rename-michelin-2026-france,ve_5b5ae98066,Restaurant le Meurice Alain Ducasse,Restaurant Le Meurice Alain Ducasse,michelin,https://guide.michelin.com/en/ile-de-france/paris/restaurant/le-meurice-alain-ducasse,case only; Michelin is the only publisher that can vote
rename-michelin-2026-france,ve_5c38471ed5,Restaurant La Maison de Kerdiès,La Maison de Kerdiès,michelin,https://guide.michelin.com/en/bretagne/plougasnou/restaurant/la-maison-de-kerdies,Michelin spelling; Michelin is the only publisher that can vote
rename-michelin-2026-france,ve_5cb59144d7,L'Assiette au jardin,L'Assiette au Jardin,michelin,https://guide.michelin.com/en/pays-de-la-loire/noirmoutier-en-lile/restaurant/l-assiette-au-jardin,case only; Michelin is the only publisher that can vote
rename-michelin-2026-france,ve_5d0a495512,Restaurant La Petite Ourse,La Petite Ourse,michelin,https://guide.michelin.com/en/bretagne/rennes/restaurant/la-petite-ourse,Michelin spelling; Michelin is the only publisher that can vote
rename-michelin-2026-france,ve_603d4413f2,Restaurant La Balette,La Balette,michelin,https://guide.michelin.com/en/occitanie/collioure/restaurant/la-balette,Michelin spelling; Michelin is the only publisher that can vote
rename-michelin-2026-france,ve_629548d961,CHEZ BASTIEN,Chez Bastien,michelin,https://guide.michelin.com/en/provence-alpes-cote-dazur/manosque/restaurant/chez-bastien,case only; Michelin is the only publisher that can vote
rename-michelin-2026-france,ve_63beffdf34,Auberge des Montagnes,L'Auberge des Montagnes,michelin,https://guide.michelin.com/en/auvergne-rhone-alpes/pailherols/restaurant/l-auberge-des-montagnes,Michelin spelling; Michelin is the only publisher that can vote
rename-michelin-2026-france,ve_6522e4fb4b,La Tour d'Argent,Tour d'Argent,michelin,https://guide.michelin.com/en/ile-de-france/paris/restaurant/tour-d-argent,Michelin spelling; Michelin is the only publisher that can vote
rename-michelin-2026-france,ve_65591e378b,Restaurant Arnaud Donckele & Maxime Frédéric at Louis Vuitton,Arnaud Donckele & Maxime Frédéric at Louis Vuitton,michelin,https://guide.michelin.com/en/provence-alpes-cote-dazur/saint-tropez/restaurant/arnaud-donckele-maxime-frederic-at-louis-vuitton,Michelin spelling; Michelin is the only publisher that can vote
rename-michelin-2026-france,ve_69934b07bd,Restaurant Le FAVENTIA,Faventia,michelin,https://guide.michelin.com/en/provence-alpes-cote-dazur/tourrettes/restaurant/faventia,Michelin spelling; Michelin is the only publisher that can vote
rename-michelin-2026-france,ve_6a4bcbfb3b,Hostellerie De la Pointe Saint Mathieu,Hostellerie de la Pointe Saint-Mathieu,michelin,https://guide.michelin.com/en/bretagne/plougonvelin/restaurant/hostellerie-de-la-pointe-st-mathieu,punctuation and spacing; Michelin is the only publisher that can vote
rename-michelin-2026-france,ve_6a9bd70b49,Restaurant Boma,Boma,michelin,https://guide.michelin.com/en/bretagne/vannes/restaurant/boma,Michelin spelling; Michelin is the only publisher that can vote
rename-michelin-2026-france,ve_6ad9c595f7,Restaurant Kasbur,Kasbür,michelin,https://guide.michelin.com/en/grand-est/monswiller/restaurant/kasbur,Michelin spelling; Michelin is the only publisher that can vote
rename-michelin-2026-france,ve_6ba1197b41,L' ALTER-NATIVE ⭐,L'Alter-Native,michelin,https://guide.michelin.com/en/occitanie/bziers/restaurant/l-alter-native,punctuation and spacing; Michelin is the only publisher that can vote
rename-michelin-2026-france,ve_6ba4dc026f,L'Ecailler,L'Écailler,michelin,https://guide.michelin.com/en/nouvelle-aquitaine/la-flotte/restaurant/l-ecailler,case and accents; Michelin is the only publisher that can vote
rename-michelin-2026-france,ve_6d59eb76a1,Restaurant Hyacinthe & Robert,Hyacinthe & Robert,michelin,https://guide.michelin.com/en/bretagne/pontivy/restaurant/hyacinthe-robert,Michelin spelling; Michelin is the only publisher that can vote
rename-michelin-2026-france,ve_6db828084a,Temps d'Aime,Le Temps d'Aime,michelin,https://guide.michelin.com/en/occitanie/lattes/restaurant/le-temps-d-aime,Michelin spelling; Michelin is the only publisher that can vote
rename-michelin-2026-france,ve_6ecf974e14,La fourchette à droite,La Fourchette à Droite,michelin,https://guide.michelin.com/en/bretagne/saint-malo/restaurant/la-fourchette-a-droite,case only; Michelin is the only publisher that can vote
rename-michelin-2026-france,ve_71187198ea,Ahpe,AHPĒ,michelin,https://guide.michelin.com/en/nouvelle-aquitaine/biarritz/restaurant/ahpe,case and accents; Michelin is the only publisher that can vote
rename-michelin-2026-france,ve_726a22f45a,RESTAURANT Takao Takano,Takao Takano,michelin,https://guide.michelin.com/en/auvergne-rhone-alpes/lyon/restaurant/takao-takano,Michelin spelling; Michelin is the only publisher that can vote
rename-michelin-2026-france,ve_72bc10551e,Restaurant La Palme d'Or,La Palme d'Or,michelin,https://guide.michelin.com/en/provence-alpes-cote-dazur/cannes/restaurant/la-palme-d-or,Michelin spelling; Michelin is the only publisher that can vote
rename-michelin-2026-france,ve_74cd6eb343,VIVACE,Vivace,michelin,https://guide.michelin.com/en/bretagne/trbeurden/restaurant/vivace-1208978,case only; Michelin is the only publisher that can vote
rename-michelin-2026-france,ve_76c4bce6a9,Le Jardin De Berne,Le Jardin de Berne,michelin,https://guide.michelin.com/en/provence-alpes-cote-dazur/flayosc/restaurant/le-jardin-de-berne,case only; Michelin is the only publisher that can vote
rename-michelin-2026-france,ve_76d0e682fb,Restaurant Bergamote,Bergamote,michelin,https://guide.michelin.com/en/auvergne-rhone-alpes/lyon/restaurant/bergamote,Michelin spelling; Michelin is the only publisher that can vote
rename-michelin-2026-france,ve_76f8401643,BISTROT LOUISE,Bistrot Louise,michelin,https://guide.michelin.com/en/auvergne-rhone-alpes/l-albenc/restaurant/bistrot-louise,case only; Michelin is the only publisher that can vote
rename-michelin-2026-france,ve_78e2ebdb64,Le Manoir De La Régate,Le Manoir de la Régate,michelin,https://guide.michelin.com/en/pays-de-la-loire/nantes/restaurant/manoir-de-la-regate,case only; Michelin is the only publisher that can vote
rename-michelin-2026-france,ve_7c2090b77f,Auberge des Chenêts,Auberge des Chenets,michelin,https://guide.michelin.com/en/bourgogne-franche-comte/valloux/restaurant/auberge-des-chenets,case and accents; Michelin is the only publisher that can vote
rename-michelin-2026-france,ve_7c2f54f0ab,Restaurant Akrame,Akrame,michelin,https://guide.michelin.com/en/ile-de-france/paris/restaurant/akrame507272,Michelin spelling; Michelin is the only publisher that can vote
rename-michelin-2026-france,ve_7c32575d62,Restaurant Maximin Hellio,Maximin Hellio,michelin,https://guide.michelin.com/en/normandie/deauville/restaurant/maximin-hellio,Michelin spelling; Michelin is the only publisher that can vote
rename-michelin-2026-france,ve_7e93feef0e,Hôtel & Restaurant Sodade,Sodade,michelin,https://guide.michelin.com/en/auvergne-rhone-alpes/chaudes-aigues/restaurant/sodade,Michelin spelling; Michelin is the only publisher that can vote
rename-michelin-2026-france,ve_8123692ae2,l'Etape Dorée,L'Étape Dorée,michelin,https://guide.michelin.com/en/auvergne-rhone-alpes/saint-genis-laval_1515236/restaurant/l-etape-doree,case and accents; Michelin is the only publisher that can vote
rename-michelin-2026-france,ve_8294ea6255,Restaurant Erasmo,Erasmo,michelin,https://guide.michelin.com/en/bretagne/carhaix-plouguer_1563515/restaurant/erasmo,Michelin spelling; Michelin is the only publisher that can vote
rename-michelin-2026-france,ve_829f7fd32b,Restaurant Omar Dhiab,Omar Dhiab,michelin,https://guide.michelin.com/en/ile-de-france/paris/restaurant/omar-dhiab,Michelin spelling; Michelin is the only publisher that can vote
rename-michelin-2026-france,ve_8457b128d6,Restaurant Le Carmin,Le Carmin,michelin,https://guide.michelin.com/en/bourgogne-franche-comte/beaune/restaurant/le-carmin,Michelin spelling; Michelin is the only publisher that can vote
rename-michelin-2026-france,ve_846788b091,ARBANE,Arbane,michelin,https://guide.michelin.com/en/grand-est/reims/restaurant/arbane,case only; Michelin is the only publisher that can vote
rename-michelin-2026-france,ve_8484ecb3b0,L' Air de Famille,L'Air de Famille,michelin,https://guide.michelin.com/en/occitanie/toulouse/restaurant/l-air-de-famille336979,punctuation and spacing; Michelin is the only publisher that can vote
rename-michelin-2026-france,ve_867311bd99,Restaurant Maison Desamy,Maison Desamy,michelin,https://guide.michelin.com/en/pays-de-la-loire/mareuil-sur-lay/restaurant/maison-desamy,Michelin spelling; Michelin is the only publisher that can vote
rename-michelin-2026-france,ve_87ca1da3d6,restaurant l'Ermitage,L'Ermitage,michelin,https://guide.michelin.com/en/auvergne-rhone-alpes/espaly-saint-marcel/restaurant/l-ermitage,Michelin spelling; Michelin is the only publisher that can vote
rename-michelin-2026-france,ve_8859261736,Relais De La Poste,Relais de la Poste,michelin,https://guide.michelin.com/en/nouvelle-aquitaine/magescq/restaurant/relais-de-la-poste11709,case only; Michelin is the only publisher that can vote
rename-michelin-2026-france,ve_890ec43950,ROZO,Rozó,michelin,https://guide.michelin.com/en/hauts-de-france/marcq-en-barul/restaurant/rozo-1202595,case and accents; Michelin is the only publisher that can vote
rename-michelin-2026-france,ve_8976cb64df,La _ Maison dans le Parc,La Maison dans le Parc,michelin,https://guide.michelin.com/en/grand-est/nancy/restaurant/la-maison-dans-le-parc,punctuation and spacing; Michelin is the only publisher that can vote
rename-michelin-2026-france,ve_8b0411fd68,Restaurant Le Gindreau,Le Gindreau,michelin,https://guide.michelin.com/en/occitanie/saint-mdard/restaurant/le-gindreau,Michelin spelling; Michelin is the only publisher that can vote
rename-michelin-2026-france,ve_8c25148528,L'Alchémille,Alchémille,michelin,https://guide.michelin.com/en/grand-est/kaysersberg/restaurant/l-alchemille,Michelin spelling; Michelin is the only publisher that can vote
rename-michelin-2026-france,ve_8c4a5d6040,Restaurant Le Café des Arts,Le Café des Arts,michelin,https://guide.michelin.com/en/pays-de-la-loire/beaulieu-sous-la-roche/restaurant/cafe-des-arts,Michelin spelling; Michelin is the only publisher that can vote
rename-michelin-2026-france,ve_8d0beae410,Restaurant l'ogustin,L'Ogustin,michelin,https://guide.michelin.com/en/occitanie/la-vacquerie-et-saint-martin-de-castries_1502152/restaurant/l-ogustin,Michelin spelling; Michelin is the only publisher that can vote
rename-michelin-2026-france,ve_8e0adfebb4,Restaurant Omija,Omija,michelin,https://guide.michelin.com/en/pays-de-la-loire/nantes/restaurant/omija,Michelin spelling; Michelin is the only publisher that can vote
rename-michelin-2026-france,ve_900c668573,Restaurant La Ferme de Victorine,La Ferme de Victorine,michelin,https://guide.michelin.com/en/auvergne-rhone-alpes/notre-dame-de-bellecombe/restaurant/la-ferme-de-victorine,Michelin spelling; Michelin is the only publisher that can vote
rename-michelin-2026-france,ve_9282ea441c,Hostellerie La Montagne,Hostellerie la Montagne,michelin,https://guide.michelin.com/en/grand-est/colombey-les-deux-glises/restaurant/hostellerie-la-montagne,case only; Michelin is the only publisher that can vote
rename-michelin-2026-france,ve_95f52c5e5a,Restaurant La Merise,La Merise,michelin,https://guide.michelin.com/en/grand-est/laubach/restaurant/la-merise,Michelin spelling; Michelin is the only publisher that can vote
rename-michelin-2026-france,ve_974d97d7f9,Restaurant Frederic Simonin,Frédéric Simonin,michelin,https://guide.michelin.com/en/ile-de-france/paris/restaurant/frederic-simonin,Michelin spelling; Michelin is the only publisher that can vote
rename-michelin-2026-france,ve_9a31afe9f5,Restaurant Albert 1er,Albert 1er,michelin,https://guide.michelin.com/en/auvergne-rhone-alpes/chamonix-mont-blanc/restaurant/albert-1er,Michelin spelling; Michelin is the only publisher that can vote
rename-michelin-2026-france,ve_9aa71bbec8,Restaurant Ineffable,Ineffable,michelin,https://guide.michelin.com/en/provence-alpes-cote-dazur/barbentane_1504843/restaurant/ineffable,Michelin spelling; Michelin is the only publisher that can vote
rename-michelin-2026-france,ve_9b272faa8a,Restaurant Trente-Trois,Trente-Trois,michelin,https://guide.michelin.com/en/ile-de-france/paris/restaurant/trente-trois,Michelin spelling; Michelin is the only publisher that can vote
rename-michelin-2026-france,ve_9c40a9dbe3,Restaurant La Table du Cinq,La Table du Cinq,michelin,https://guide.michelin.com/en/occitanie/bagnres-de-bigorre/restaurant/la-table-du-cinq,Michelin spelling; Michelin is the only publisher that can vote
rename-michelin-2026-france,ve_9c646fdf2a,Restaurant Les Terraillers,Les Terraillers,michelin,https://guide.michelin.com/en/provence-alpes-cote-dazur/biot/restaurant/les-terraillers,Michelin spelling; Michelin is the only publisher that can vote
rename-michelin-2026-france,ve_9d0c701035,VILLA PINEWOOD,Villa Pinewood,michelin,https://guide.michelin.com/en/occitanie/payrin-augmontel/restaurant/villa-pinewood,case only; Michelin is the only publisher that can vote
rename-michelin-2026-france,ve_9e18c5ab0b,Restaurant Holodeck,Holodeck,michelin,https://guide.michelin.com/en/occitanie/floressas_1492997/restaurant/holodeck,Michelin spelling; Michelin is the only publisher that can vote
rename-michelin-2026-france,ve_9e5a1fe04b,Restaurant Cyril Attrazic,Cyril Attrazic,michelin,https://guide.michelin.com/en/occitanie/aumont-aubrac/restaurant/cyril-attrazic,Michelin spelling; Michelin is the only publisher that can vote
rename-michelin-2026-france,ve_9e77c9e379,Auberge Saint Jean,L'Auberge Saint Jean,michelin,https://guide.michelin.com/en/nouvelle-aquitaine/saint-jean-de-blaignac/restaurant/auberge-st-jean,Michelin spelling; Michelin is the only publisher that can vote
rename-michelin-2026-france,ve_9fd9ef0dbb,Restaurant L'Impertinent,L'Impertinent,michelin,https://guide.michelin.com/en/nouvelle-aquitaine/biarritz/restaurant/l-impertinent,Michelin spelling; Michelin is the only publisher that can vote
rename-michelin-2026-france,ve_a4aa7cb9ba,Restaurant Frédéric Molina à Forêt Ivre,Frédéric Molina à Forêt Ivre,michelin,https://guide.michelin.com/en/auvergne-rhone-alpes/vailly/restaurant/frederic-molina-a-foret-ivre,Michelin spelling; Michelin is the only publisher that can vote
rename-michelin-2026-france,ve_a54bfe1aef,NOMICOS,Nomicos,michelin,https://guide.michelin.com/en/ile-de-france/paris/restaurant/nomicos,case only; Michelin is the only publisher that can vote
rename-michelin-2026-france,ve_a55d6b03c5,Au Fond Du Gosier,Au Fond du Gosier,michelin,https://guide.michelin.com/en/occitanie/argels-gazost/restaurant/au-fond-du-gosier,case only; Michelin is the only publisher that can vote
rename-michelin-2026-france,ve_a58543d5a3,Restaurant Le Bourgeon,Le Bourgeon,michelin,https://guide.michelin.com/en/auvergne-rhone-alpes/alby-sur-cheran_1509144/restaurant/le-bourgeon,Michelin spelling; Michelin is the only publisher that can vote
rename-michelin-2026-france,ve_a6069ae1c4,ASSA,Assa,michelin,https://guide.michelin.com/en/centre-val-de-loire/blois/restaurant/assa,case only; Michelin is the only publisher that can vote
rename-michelin-2026-france,ve_a654b345f2,Pica-Pica,Pica Pica,michelin,https://guide.michelin.com/en/occitanie/bziers/restaurant/pica-pica,punctuation and spacing; Michelin is the only publisher that can vote
rename-michelin-2026-france,ve_a6861367dd,Hôtel des Isles,Le Restaurant des Isles,michelin,https://guide.michelin.com/en/normandie/barneville-carteret/restaurant/le-restaurant-des-isles,Michelin spelling; Michelin is the only publisher that can vote
rename-michelin-2026-france,ve_a71d3afafa,La table d'hôtes,La Table d'Hôtes,michelin,https://guide.michelin.com/en/normandie/ouistreham/restaurant/la-table-d-hotes,case only; Michelin is the only publisher that can vote
rename-michelin-2026-france,ve_a74e9ee3a3,Restaurant Bacôve,Bacôve,michelin,https://guide.michelin.com/en/hauts-de-france/saint-omer/restaurant/bacove,Michelin spelling; Michelin is the only publisher that can vote
rename-michelin-2026-france,ve_a7e2024015,Qui plume la lune,Qui Plume la Lune,michelin,https://guide.michelin.com/en/ile-de-france/paris/restaurant/qui-plume-la-lune,case only; Michelin is the only publisher that can vote
rename-michelin-2026-france,ve_a8213a9418,Restaurant DEJA,de:ja,michelin,https://guide.michelin.com/en/grand-est/strasbourg/restaurant/de-ja,Michelin spelling; Michelin is the only publisher that can vote
rename-michelin-2026-france,ve_a86b721c0e,Auberge du pont des pierres,L'Auberge du Pont des Pierres,michelin,https://guide.michelin.com/en/auvergne-rhone-alpes/montanges/restaurant/l-auberge-du-pont-des-pierres,Michelin spelling; Michelin is the only publisher that can vote
rename-michelin-2026-france,ve_a960a3181f,L’Atelier Locavore,L'Atelier Locavore,michelin,https://guide.michelin.com/en/auvergne-rhone-alpes/le-coteau/restaurant/l-atelier-locavore,punctuation and spacing; Michelin is the only publisher that can vote
rename-michelin-2026-france,ve_aa7b4e7c78,Restaurant La Pomme d'Or,La Pomme d'Or,michelin,https://guide.michelin.com/en/centre-val-de-loire/sancerre/restaurant/la-pomme-d-or,Michelin spelling; Michelin is the only publisher that can vote
rename-michelin-2026-france,ve_aa93720dd2,Restaurant Accentué,Accentué,michelin,https://guide.michelin.com/en/auvergne-rhone-alpes/lyon/restaurant/accentue,Michelin spelling; Michelin is the only publisher that can vote
rename-michelin-2026-france,ve_aab4a0fb96,Le Rendez-vous Des Gourmets,Le Rendez-vous des Gourmets,michelin,https://guide.michelin.com/en/centre-val-de-loire/bracieux/restaurant/le-rendez-vous-des-gourmets,case only; Michelin is the only publisher that can vote
rename-michelin-2026-france,ve_ab0d143fef,L’Obélias,L'Obélias,michelin,https://guide.michelin.com/en/occitanie/naucelle/restaurant/l-obelias,punctuation and spacing; Michelin is the only publisher that can vote
rename-michelin-2026-france,ve_ade26d34b5,Sushi-B,Sushi B,michelin,https://guide.michelin.com/en/ile-de-france/paris/restaurant/sushi-b514232,punctuation and spacing; Michelin is the only publisher that can vote
rename-michelin-2026-france,ve_b2691cae1e,Auberge des Gourmets,L'Auberge des Gourmets,michelin,https://guide.michelin.com/en/bourgogne-franche-comte/le-villars/restaurant/l-auberge-des-gourmets,Michelin spelling; Michelin is the only publisher that can vote
rename-michelin-2026-france,ve_b279522a5e,REFUGE DES GOURMETS,Le Refuge des Gourmets,michelin,https://guide.michelin.com/en/auvergne-rhone-alpes/machilly/restaurant/le-refuge-des-gourmets,Michelin spelling; Michelin is the only publisher that can vote
rename-michelin-2026-france,ve_b2c8a6b932,"Restaurant ""Le Boudes La Vigne""",Le Boudes La Vigne,michelin,https://guide.michelin.com/en/auvergne-rhone-alpes/boudes/restaurant/le-boudes-la-vigne,Michelin spelling; Michelin is the only publisher that can vote
rename-michelin-2026-france,ve_b4398b9cc3,HISTOIRE ANCIENNE,Histoire Ancienne,michelin,https://guide.michelin.com/en/hauts-de-france/calais/restaurant/histoire-ancienne,case only; Michelin is the only publisher that can vote
rename-michelin-2026-france,ve_b45598fed5,La Verriere,La Verrière,michelin,https://guide.michelin.com/en/corse/olmeto/restaurant/la-verriere,case and accents; Michelin is the only publisher that can vote
rename-michelin-2026-france,ve_b4babd7276,Restaurant @ Alain llorca,Alain Llorca,michelin,https://guide.michelin.com/en/provence-alpes-cote-dazur/la-colle-sur-loup/restaurant/alain-llorca,Michelin spelling; Michelin is the only publisher that can vote
rename-michelin-2026-france,ve_b4e1d36194,Restaurant Le Saint Gabriel,Le Saint Gabriel,michelin,https://guide.michelin.com/en/provence-alpes-cote-dazur/toulon/restaurant/le-saint-gabriel,Michelin spelling; Michelin is the only publisher that can vote
rename-michelin-2026-france,ve_b56c9cc152,Palégrié chez l'Henri,Palégrié Chez l'Henri,michelin,https://guide.michelin.com/en/auvergne-rhone-alpes/autrans/restaurant/palegrie-chez-l-henri,case only; Michelin is the only publisher that can vote
rename-michelin-2026-france,ve_b6574b3362,l'auberge du laminak,L'Auberge du Laminak,michelin,https://guide.michelin.com/en/grand-est/montcy-notre-dame/restaurant/l-auberge-du-laminak,case only; Michelin is the only publisher that can vote
rename-michelin-2026-france,ve_b93b8941db,Restaurant Les Morainières,Les Morainières,michelin,https://guide.michelin.com/en/auvergne-rhone-alpes/jongieux/restaurant/les-morainieres,Michelin spelling; Michelin is the only publisher that can vote
rename-michelin-2026-france,ve_b9609849ac,L'Auberge le Prieuré,Auberge Le Prieuré,michelin,https://guide.michelin.com/en/nouvelle-aquitaine/moirax/restaurant/auberge-le-prieure,Michelin spelling; Michelin is the only publisher that can vote
rename-michelin-2026-france,ve_ba565e3a5e,Jour Du Poisson,Le Jour du Poisson,michelin,https://guide.michelin.com/en/nouvelle-aquitaine/saint-denis-d-olron/restaurant/le-jour-du-poisson,Michelin spelling; Michelin is the only publisher that can vote
rename-michelin-2026-france,ve_baeae630ab,Jules Verne,Le Jules Verne,michelin,https://guide.michelin.com/en/ile-de-france/paris/restaurant/le-jules-verne,Michelin spelling; Michelin is the only publisher that can vote
rename-michelin-2026-france,ve_bbb2e26803,Restaurant les Reflets,Les Reflets,michelin,https://guide.michelin.com/en/pays-de-la-loire/la-roche-sur-yon/restaurant/les-reflets,Michelin spelling; Michelin is the only publisher that can vote
rename-michelin-2026-france,ve_be3607ecc5,Auberge Saint-Fiacre,Auberge Saint Fiacre,michelin,https://guide.michelin.com/en/centre-val-de-loire/veuil/restaurant/auberge-st-fiacre,punctuation and spacing; Michelin is the only publisher that can vote
rename-michelin-2026-france,ve_be663c0406,Restaurant Grain de Sel,Grain de Sel,michelin,https://guide.michelin.com/en/bourgogne-franche-comte/dole/restaurant/grain-de-sel407331,Michelin spelling; Michelin is the only publisher that can vote
rename-michelin-2026-france,ve_c01f73b4c9,jumo&co,Jumo & Co,michelin,https://guide.michelin.com/en/nouvelle-aquitaine/fr-pau/restaurant/jumo-co,punctuation and spacing; Michelin is the only publisher that can vote
rename-michelin-2026-france,ve_c0a013f8c2,Une Table au Sud,"Une Table, au Sud",michelin,https://guide.michelin.com/en/provence-alpes-cote-dazur/marseille/restaurant/une-table-au-sud,punctuation and spacing; Michelin is the only publisher that can vote
rename-michelin-2026-france,ve_c199298031,Restaurant Farouche,Farouche,michelin,https://guide.michelin.com/en/ile-de-france/montrouge/restaurant/farouche,Michelin spelling; Michelin is the only publisher that can vote
rename-michelin-2026-france,ve_c1ed640f1b,LE BON TEMPS,Le Bon Temps,michelin,https://guide.michelin.com/en/provence-alpes-cote-dazur/snas/restaurant/le-bon-temps,case only; Michelin is the only publisher that can vote
rename-michelin-2026-france,ve_c240b986ce,Restaurant L'Altitude*,L'Altitude,michelin,https://guide.michelin.com/en/auvergne-rhone-alpes/courchevel/restaurant/l-altitude,Michelin spelling; Michelin is the only publisher that can vote
rename-michelin-2026-france,ve_c29125ac38,Hôtel Restaurant Maison Tiegezh,Maison Tiegezh,michelin,https://guide.michelin.com/en/bretagne/guer/restaurant/maison-tiegezh,Michelin spelling; Michelin is the only publisher that can vote
rename-michelin-2026-france,ve_c41cfe5100,LA RECRE,La Récré,michelin,https://guide.michelin.com/en/auvergne-rhone-alpes/vaudevant/restaurant/la-recre,case and accents; Michelin is the only publisher that can vote
rename-michelin-2026-france,ve_c4d2d655db,L'Auberge de la Forge,Auberge de la Forge,michelin,https://guide.michelin.com/en/occitanie/lavalette/restaurant/auberge-de-la-forge,Michelin spelling; Michelin is the only publisher that can vote
rename-michelin-2026-france,ve_c5a935d49e,Restaurant Chez Davia,Chez Davia,michelin,https://guide.michelin.com/en/provence-alpes-cote-dazur/nice/restaurant/chez-davia,Michelin spelling; Michelin is the only publisher that can vote
rename-michelin-2026-france,ve_c5c9e9cfed,Restaurant La Conciergerie,La Conciergerie,michelin,https://guide.michelin.com/en/hauts-de-france/sailly-sur-la-lys_1550057/restaurant/la-conciergerie,Michelin spelling; Michelin is the only publisher that can vote
rename-michelin-2026-france,ve_c9006ee0d1,Restaurant Kedem,Kedem,michelin,https://guide.michelin.com/en/nouvelle-aquitaine/bordeaux/restaurant/kedem,Michelin spelling; Michelin is the only publisher that can vote
rename-michelin-2026-france,ve_c9111fcc21,Repu,Rēpu,michelin,https://guide.michelin.com/en/hauts-de-france/marcq-en-barul/restaurant/repu,case and accents; Michelin is the only publisher that can vote
rename-michelin-2026-france,ve_cb6c037c7c,Restaurant La Tête en l'air,La Tête en l'air,michelin,https://guide.michelin.com/en/bretagne/vannes/restaurant/la-tete-en-l-air,Michelin spelling; Michelin is the only publisher that can vote
rename-michelin-2026-france,ve_cbb2a08129,L'artichaut,L'Artichaut,michelin,https://guide.michelin.com/en/occitanie/montpellier/restaurant/l-artichaut,case only; Michelin is the only publisher that can vote
rename-michelin-2026-france,ve_cc226ff607,La ferme de la Haute Crémonville,La Ferme de la Haute Crémonville,michelin,https://guide.michelin.com/en/normandie/saint-tienne-du-vauvray/restaurant/la-ferme-de-la-haute-cremonville,case only; Michelin is the only publisher that can vote
rename-michelin-2026-france,ve_cc24331b57,Restaurant 1741,1741,michelin,https://guide.michelin.com/en/grand-est/strasbourg/restaurant/1741,Michelin spelling; Michelin is the only publisher that can vote
rename-michelin-2026-france,ve_ccea7da354,Restaurant Côté Bastide,Côté Bastide,michelin,https://guide.michelin.com/en/nouvelle-aquitaine/sainte-foy-la-grande/restaurant/cote-bastide,Michelin spelling; Michelin is the only publisher that can vote
rename-michelin-2026-france,ve_cdbc14778f,Taverne Alsacienne,La Taverne Alsacienne,michelin,https://guide.michelin.com/en/grand-est/ingersheim/restaurant/la-taverne-alsacienne,Michelin spelling; Michelin is the only publisher that can vote
rename-michelin-2026-france,ve_d1b2803295,INTUITION,Intuition,michelin,https://guide.michelin.com/en/normandie/saint-l/restaurant/intuition,case only; Michelin is the only publisher that can vote
rename-michelin-2026-france,ve_d2820ac4f5,La Mère Brazier,Mère Brazier,michelin,https://guide.michelin.com/en/auvergne-rhone-alpes/lyon/restaurant/mere-brazier,Michelin spelling; Michelin is the only publisher that can vote
rename-michelin-2026-france,ve_d2e2276a25,Anto,ANTO,michelin,https://guide.michelin.com/en/auvergne-rhone-alpes/annecy/restaurant/anto,case only; Michelin is the only publisher that can vote
rename-michelin-2026-france,ve_d472175bc2,Calice ⭐,Calice,michelin,https://guide.michelin.com/en/occitanie/bziers/restaurant/calice,punctuation and spacing; Michelin is the only publisher that can vote
rename-michelin-2026-france,ve_d491fe827c,L'Or Q'Idée,L'Or Q'idée,michelin,https://guide.michelin.com/en/ile-de-france/pontoise/restaurant/l-or-q-idee,case only; Michelin is the only publisher that can vote
rename-michelin-2026-france,ve_d4a55fa97b,COZNA,Cozna,michelin,https://guide.michelin.com/en/auvergne-rhone-alpes/annecy/restaurant/cozna,case only; Michelin is the only publisher that can vote
rename-michelin-2026-france,ve_d6372fa061,Restaurant Le Pressoir,Le Pressoir,michelin,https://guide.michelin.com/en/bretagne/saint-av/restaurant/le-pressoir,Michelin spelling; Michelin is the only publisher that can vote
rename-michelin-2026-france,ve_d688622905,Le Cochon Qui Boit,Le Cochon qui Boit,michelin,https://guide.michelin.com/en/auvergne-rhone-alpes/lyon/restaurant/le-cochon-qui-boit,case only; Michelin is the only publisher that can vote
rename-michelin-2026-france,ve_d6a5b3bf3b,Winstub À Côté...,Winstub À Côté,michelin,https://guide.michelin.com/en/grand-est/sierentz/restaurant/winstub-a-cote,punctuation and spacing; Michelin is the only publisher that can vote
rename-michelin-2026-france,ve_d6cfed208f,Restaurant ERRE,Erre,michelin,https://guide.michelin.com/en/bourgogne-franche-comte/chassy_1527287/restaurant/erre,Michelin spelling; Michelin is the only publisher that can vote
rename-michelin-2026-france,ve_d6d6aa4c8d,DUENDE,Duende,michelin,https://guide.michelin.com/en/occitanie/nimes/restaurant/duende,case only; Michelin is the only publisher that can vote
rename-michelin-2026-france,ve_d715e3118a,le Martin Bel Air,Le Martin Bel Air,michelin,https://guide.michelin.com/en/bourgogne-franche-comte/saint-martin-du-tertre/restaurant/le-martin-bel-air,case only; Michelin is the only publisher that can vote
rename-michelin-2026-france,ve_d8f2845af8,Restaurant Le Camélia,Le Camélia,michelin,https://guide.michelin.com/en/hauts-de-france/bry_1545291/restaurant/le-camelia-1242759,Michelin spelling; Michelin is the only publisher that can vote
rename-michelin-2026-france,ve_dec741f3ba,Le Puits Saint-Jacques,Le Puits Saint Jacques,michelin,https://guide.michelin.com/en/occitanie/pujaudran/restaurant/le-puits-st-jacques,punctuation and spacing; Michelin is the only publisher that can vote
rename-michelin-2026-france,ve_dfdfc1808c,CAFÉ A,Café A,michelin,https://guide.michelin.com/en/auvergne-rhone-alpes/uriage-les-bains/restaurant/cafe-a,case only; Michelin is the only publisher that can vote
rename-michelin-2026-france,ve_e02e3a30a6,Ortensia,Ōrtensia,michelin,https://guide.michelin.com/en/ile-de-france/paris/restaurant/ortensia-1202241,case and accents; Michelin is the only publisher that can vote
rename-michelin-2026-france,ve_e4010e1996,Hôtel-Restaurant l'Ouillette,L'Ouillette,michelin,https://guide.michelin.com/en/bourgogne-franche-comte/santenay/restaurant/l-ouillette,Michelin spelling; Michelin is the only publisher that can vote
rename-michelin-2026-france,ve_e643c85d2a,Restaurant Alpage,Alpage,michelin,https://guide.michelin.com/en/auvergne-rhone-alpes/courchevel/restaurant/alpage,Michelin spelling; Michelin is the only publisher that can vote
rename-michelin-2026-france,ve_e75d63b3fb,Restaurant Les Arpents,Les Arpents,michelin,https://guide.michelin.com/en/centre-val-de-loire/amboise/restaurant/les-arpents,Michelin spelling; Michelin is the only publisher that can vote
rename-michelin-2026-france,ve_e7707fd2c5,L'AGHJALLE,L'Aghjalle,michelin,https://guide.michelin.com/en/corse/santa-reparata-di-balagna_1508608/restaurant/l-aghjalle,case only; Michelin is the only publisher that can vote
rename-michelin-2026-france,ve_e7a099765d,Auberge de la Mère Duval,Auberge de La Mère Duval,michelin,https://guide.michelin.com/en/normandie/auzouville-sur-saane/restaurant/auberge-de-la-mere-duval,case only; Michelin is the only publisher that can vote
rename-michelin-2026-france,ve_e83ea265c3,Restaurant Le Kitchen,Le Kitchen,michelin,https://guide.michelin.com/en/auvergne-rhone-alpes/lyon/restaurant/le-kitchen,Michelin spelling; Michelin is the only publisher that can vote
rename-michelin-2026-france,ve_e998bbe81d,Hôtel & Restaurant Le Saint-James,Le Saint-James,michelin,https://guide.michelin.com/en/nouvelle-aquitaine/bouliac/restaurant/le-saint-james,Michelin spelling; Michelin is the only publisher that can vote
rename-michelin-2026-france,ve_ebba65aabe,Le Petit Nor’Cat,Le Petit Nor'Cat,michelin,https://guide.michelin.com/en/normandie/la-haye-du-puits_1557360/restaurant/le-petit-nor-cat,punctuation and spacing; Michelin is the only publisher that can vote
rename-michelin-2026-france,ve_ebd63723cc,Restaurant Michel Sarran,Michel Sarran,michelin,https://guide.michelin.com/en/occitanie/toulouse/restaurant/michel-sarran,Michelin spelling; Michelin is the only publisher that can vote
rename-michelin-2026-france,ve_ede8b18173,Restaurant Sillage,Sillage,michelin,https://guide.michelin.com/en/nouvelle-aquitaine/saint-pierre-d-olron/restaurant/sillage,Michelin spelling; Michelin is the only publisher that can vote
rename-michelin-2026-france,ve_eeded0c3ef,Restaurant Kei,Kei,michelin,https://guide.michelin.com/en/ile-de-france/paris/restaurant/kei,Michelin spelling; Michelin is the only publisher that can vote
rename-michelin-2026-france,ve_ef57492a00,Restaurant URSUS,Ursus,michelin,https://guide.michelin.com/en/auvergne-rhone-alpes/tignes/restaurant/ursus,Michelin spelling; Michelin is the only publisher that can vote
rename-michelin-2026-france,ve_f04dc487c2,l'Aillet,L'Aillet,michelin,https://guide.michelin.com/en/nouvelle-aquitaine/la-teste-de-buch/restaurant/l-aillet,case only; Michelin is the only publisher that can vote
rename-michelin-2026-france,ve_f259061491,Au plaisir ambré,Au Plaisir Ambré,michelin,https://guide.michelin.com/en/provence-alpes-cote-dazur/brianon/restaurant/au-plaisir-ambre,case only; Michelin is the only publisher that can vote
rename-michelin-2026-france,ve_f49862e401,Restaurant Saisons,Saisons,michelin,https://guide.michelin.com/en/auvergne-rhone-alpes/cully/restaurant/saisons4469,Michelin spelling; Michelin is the only publisher that can vote
rename-michelin-2026-france,ve_f6015d7ea0,La Table De Michel Dussau,La Table de Michel Dussau,michelin,https://guide.michelin.com/en/nouvelle-aquitaine/agen/restaurant/la-table-de-michel-dussau,case only; Michelin is the only publisher that can vote
rename-michelin-2026-france,ve_f667ce2a30,Restaurant Skab,Skab,michelin,https://guide.michelin.com/en/occitanie/nimes/restaurant/skab,Michelin spelling; Michelin is the only publisher that can vote
rename-michelin-2026-france,ve_f6fce4aa8d,ENFIN,Enfin,michelin,https://guide.michelin.com/en/grand-est/barr/restaurant/enfin,case only; Michelin is the only publisher that can vote
rename-michelin-2026-france,ve_f74a315a56,Restaurant Ithurria,Ithurria,michelin,https://guide.michelin.com/en/nouvelle-aquitaine/ainhoa/restaurant/ithurria,Michelin spelling; Michelin is the only publisher that can vote
rename-michelin-2026-france,ve_f7569cf3a6,PROSPER,Prosper,michelin,https://guide.michelin.com/en/provence-alpes-cote-dazur/marseille/restaurant/prosper-1241891,case only; Michelin is the only publisher that can vote
rename-michelin-2026-france,ve_f952760b96,Le Cent 33,Cent33,michelin,https://guide.michelin.com/en/nouvelle-aquitaine/bordeaux/restaurant/le-cent-33,Michelin spelling; Michelin is the only publisher that can vote
rename-michelin-2026-france,ve_f95e4099ce,Le zeste gourmand,Le Zeste Gourmand,michelin,https://guide.michelin.com/en/auvergne-rhone-alpes/lyon/restaurant/le-zeste-gourmand,case only; Michelin is the only publisher that can vote
rename-michelin-2026-france,ve_f9e34945bd,Restaurant Umami,Umami,michelin,https://guide.michelin.com/en/grand-est/strasbourg/restaurant/umami202668,Michelin spelling; Michelin is the only publisher that can vote
rename-michelin-2026-france,ve_fb7c6d6400,La Table du Castellet***,La Table du Castellet,michelin,https://guide.michelin.com/en/provence-alpes-cote-dazur/le-castellet/restaurant/la-table-du-castellet,punctuation and spacing; Michelin is the only publisher that can vote
rename-michelin-2026-france,ve_fc320835af,La Table de Xavier MATHIEU,La Table de Xavier Mathieu,michelin,https://guide.michelin.com/en/provence-alpes-cote-dazur/joucas/restaurant/la-table-de-xavier-mathieu,case only; Michelin is the only publisher that can vote
rename-michelin-2026-france,ve_fd036675b1,L'émotion,L'Émotion,michelin,https://guide.michelin.com/en/auvergne-rhone-alpes/le-puy-en-velay/restaurant/l-emotion,case only; Michelin is the only publisher that can vote
rename-michelin-2026-france,ve_fd4687ea75,Restaurant OXTE,Oxte,michelin,https://guide.michelin.com/en/ile-de-france/paris/restaurant/oxte,Michelin spelling; Michelin is the only publisher that can vote
rename-michelin-2026-france,ve_fd6cd0318d,Restaurant Le Gavrinis,Le Gavrinis,michelin,https://guide.michelin.com/en/bretagne/baden/restaurant/le-gavrinis,Michelin spelling; Michelin is the only publisher that can vote
rename-michelin-2026-france,ve_feac5d24f0,JY's,JY'S,michelin,https://guide.michelin.com/en/grand-est/colmar/restaurant/jy-s,case only; Michelin is the only publisher that can vote
