"row","keep_venue_id","keep_venue_name","city_slug","keep_venue_status","legacy_michelin_category","keep_other_awards","twin_venue_id","twin_name_michelin","twin_city_slug","twin_2026_category","twin_created_by_italy_batch","type","confidence","reason","decision"
"1","ve_adff29d159","Ai Burattini di Bellini Gianmarco","adrara-san-martino","active","Bib Gourmand","0","ve_999bef458c","Ai Burattini","adrara-san-martino","Bib Gourmand","yes","merge","high","same city and category; Michelin name is inside the old name","merge"
"2","ve_3170a831fd","Ristorante Nove","alassio","active","One Star","0","ve_b3c9ae4cb8","Nove","alassio","One Star","yes","merge","high","same city and category; Michelin name is inside the old name","merge"
"3","ve_db08130e8b","Krone Inn","aldino","active","Bib Gourmand","0","ve_ce70a58d4e","Krone","aldino","Bib Gourmand","yes","merge","high","same city and category; Michelin name is inside the old name","merge"
"4","ve_433a07c202","Schlosswirt FORST","algund","active","One Star","1","ve_f86bbb90fb","Luisl Stube","algund","One Star","yes","merge","medium","Schlosswirt Forst is the hotel; Luisl Stube is its starred restaurant; only candidate",""
"5","ve_e829673e77","Ristorante Casin Del Gamba","altissimo","active","One Star","0","ve_9c29fa01e4","Casin del Gamba","altissimo","One Star","yes","merge","high","same city and category; Michelin name is inside the old name","merge"
"6","ve_5ee4c9ac48","Ristorante La Caravella dal 1959","amalfi","active","One Star","0","ve_7acd66dd22","La Caravella dal 1959","amalfi","One Star","yes","merge","high","same city and category; Michelin name is inside the old name","merge"
"7","ve_3966de7fe6","Sensi Restaurant","amalfi","active","One Star","0","ve_38686dfb45","Sensi","amalfi","One Star","yes","merge","high","same city and category; Michelin name is inside the old name","merge"
"8","ve_eeb2006f97","Terrazza Glicine | Seaview Restaurant","amalfi","active","One Star","0","ve_4776254443","Glicine","amalfi","One Star","yes","merge","high","same city and category; Michelin name is inside the old name","merge"
"9","ve_5cc73e10ce","L'Olivo - Jumeirah Capri Palace","anacapri","active","Two Stars","1","ve_c85f34549f","L'Olivo","anacapri","Two Stars","yes","merge","high","same city and category; Michelin name is inside the old name","merge"
"10","ve_1ba2f22b34","Ristorante Sot'Ajarchi","ancona","active","Bib Gourmand","0","ve_3760b5881f","Sot'Ajarchi","ancona","Bib Gourmand","yes","merge","high","same city and category; Michelin name is inside the old name","merge"
"11","ve_a951f0a01b","Ristorante Vignamare","andora","active","One Star","0","ve_f28c0d21b2","Vignamare","andora","One Star","yes","merge","high","same city and category; Michelin name is inside the old name","merge"
"12","ve_9550fda04b","Vecchio Ristoro - Ristorante in Aosta","aosta","active","One Star","0","ve_1b074885e1","Vecchio Ristoro","aosta","One Star","yes","merge","high","same city and category; Michelin name is inside the old name","merge"
"13","ve_1924d58f83","Osteria dei Segreti Spa Resort","appignano","active","Bib Gourmand","0","ve_12f75a1b84","Osteria dei Segreti","appignano","Bib Gourmand","yes","merge","high","same city and category; Michelin name is inside the old name","merge"
"14","ve_488b989290","Zash Ristorante","archi","active","One Star","0","ve_538939ca42","Zash","archi","One Star","yes","merge","high","same city and category; Michelin name is inside the old name","merge"
"15","ve_6caf1bd7a5","Ristorante L'800 Argelato Bologna","argelato","active","Bib Gourmand","0","ve_5d58186dc5","L'800","argelato","Bib Gourmand","yes","merge","high","same city and category; Michelin name is inside the old name","merge"
"16","ve_22e8021e76","Sintesi Ristorante","ariccia","active","One Star","0","ve_b0afa03932","Sintesi","ariccia","One Star","yes","merge","high","same city and category; Michelin name is inside the old name","merge"
"17","ve_58a8206e20","Condividere bistrot","arona","active","Bib Gourmand","0","ve_c09921a88c","Condividere","arona","Bib Gourmand","yes","merge","high","same city and category; Michelin name is inside the old name","merge"
"18","ve_0368dd0aba","CARACOL - Bacoli","bacoli","active","One Star","1","ve_8fa3270e6d","Caracol","bacoli","One Star","yes","merge","high","same city and category; Michelin name is inside the old name","merge"
"19","ve_3e76b0d969","Ristorante Porcino","badia","active","One Star","0","ve_a1a29f0a3b","Porcino","badia","One Star","yes","merge","high","same city and category; Michelin name is inside the old name","merge"
"20","ve_cf454ca5af","Limu restaurant","bagheria","active","One Star","0","ve_068994716a","Līmū","bagheria","One Star","yes","merge","high","same city and category; Michelin name is inside the old name","merge"
"21","ve_3aa7aae384","Ristorante Trattoria da Probo","bagnolo-in-piano","active","Bib Gourmand","0","ve_e52eea3a39","Trattoria da Probo","bagnolo-in-piano","Bib Gourmand","yes","merge","high","same city and category; Michelin name is inside the old name","merge"
"22","ve_e9aea37687","Capogiro Restaurant","baia-sardinia","active","One Star","0","ve_003e879c86","Capogiro","baia-sardinia","One Star","yes","merge","high","same city and category; Michelin name is inside the old name","merge"
"23","ve_f1924a863c","Altavilla Locanda e tipica Trattoria","bianzone","active","Bib Gourmand","0","ve_ac9e56bd72","Altavilla","bianzone","Bib Gourmand","yes","merge","high","same city and category; Michelin name is inside the old name","merge"
"24","ve_a848f0b0c2","Ristorante Enoteca San Nicola","bobbio","active","Bib Gourmand","0","ve_cfcfc33ff1","Enoteca San Nicola","bobbio","Bib Gourmand","yes","merge","high","same city and category; Michelin name is inside the old name","merge"
"25","ve_fd70c806da","Ristorante Al Cambio","bologna","active","Bib Gourmand","1","ve_c39f65ff21","Al Cambio","bologna","Bib Gourmand","yes","merge","high","same city and category; Michelin name is inside the old name","merge"
"26","ve_a9fa0b5f4a","Wirtshaus Vögele","bolzano","active","Bib Gourmand","0","ve_9dc30edacd","Vögele","bolzano","Bib Gourmand","yes","merge","high","same city and category; Michelin name is inside the old name","merge"
"27","ve_9e9310b9d5","Ristorante Storie D'Amore","borgoricco","active","One Star","0","ve_69d51bf1fc","Storie d'Amore","borgoricco","One Star","yes","merge","high","same city and category; Michelin name is inside the old name","merge"
"28","ve_ec136658e4","Ristorante Battaglino dal 1919","bra","active","Bib Gourmand","0","ve_4835b009bc","Battaglino","bra","Bib Gourmand","yes","merge","high","same city and category; Michelin name is inside the old name","merge"
"29","ve_af8bbdb335","Ristorante NIN","brenzone-sul-garda","active","One Star","1","ve_3818ead299","Nin","brenzone-sul-garda","One Star","yes","merge","high","same city and category; Michelin name is inside the old name","merge"
"30","ve_a100c8115d","G.a.Porteri","brescia","active","Bib Gourmand","0","ve_727bd5f9f8","Trattoria Porteri","brescia","Bib Gourmand","yes","merge","high","Porteri; only candidate","merge"
"31","ve_8431dd633d","Laghetto Alpine Hotel & Restaurant","brusson","active","Bib Gourmand","0","ve_1c6b07f65d","Laghetto","brusson","Bib Gourmand","yes","merge","high","same city and category; Michelin name is inside the old name","merge"
"32","ve_8373a59075","Ristorante La Gioconda","cagli","active","Bib Gourmand","0","ve_d3f2ceb7f1","La Gioconda","cagli","Bib Gourmand","yes","merge","high","same city and category; Michelin name is inside the old name","merge"
"33","ve_d57035e515","Old Friend Cagliari","cagliari","active","Bib Gourmand","0","ve_2257537765","Old Friend","cagliari","Bib Gourmand","yes","merge","high","same city and category; Michelin name is inside the old name","merge"
"34","ve_e0a79df3f4","Ristorante Violetta","calamandrana","active","Bib Gourmand","0","ve_cb05f5cd40","Violetta","calamandrana","Bib Gourmand","yes","merge","high","same city and category; Michelin name is inside the old name","merge"
"35","ve_4e583e2c3e","Trattoria Molin Vecio","caldogno","active","Bib Gourmand","0","ve_50a9eef90e","Molin Vecio","caldogno","Bib Gourmand","yes","merge","high","same city and category; Michelin name is inside the old name","merge"
"36","ve_960c3077af","Locanda Mariella Ristorante","calestano","active","Bib Gourmand","0","ve_721bb5c35c","Locanda Mariella","calestano","Bib Gourmand","yes","merge","high","same city and category; Michelin name is inside the old name","merge"
"37","ve_4ed9a5dda8","Via Magnagallo Est","campogalliano","active","Bib Gourmand","0","ve_b8765fd91c","Magnagallo","campogalliano","Bib Gourmand","yes","merge","medium","old name is a street address",""
"38","ve_54c1cc620e","Ristorante ""All'Enoteca""","canale","active","One Star","1","ve_c48f5ae3b2","All'Enoteca","canale","One Star","yes","merge","high","same city and category; Michelin name is inside the old name","merge"
"39","ve_6b2fd30eea","Ristorante Dal Pescatore Santini","canneto-sulloglio","active","Three Stars","9","ve_d10be85fe0","Dal Pescatore Santini","canneto-sulloglio","Three Stars","yes","merge","high","same city and category; Michelin name is inside the old name","merge"
"40","ve_0dd410c41a","Ristorante UNE","capodacqua","active","One Star","0","ve_328d4c3636","Une","capodacqua","One Star","yes","merge","high","same city and category; Michelin name is inside the old name","merge"
"41","ve_f457393f4f","Ristorante - Hotel - Sala Ricevimenti ""Antica Filanda""","capri-leone","active","Bib Gourmand","0","ve_f5e2259beb","Antica Filanda","capri-leone","Bib Gourmand","yes","merge","high","same city and category; Michelin name is inside the old name","merge"
"42","ve_33db2b79cb","Albergo Mingone","carnello","active","Bib Gourmand","0","ve_592a0dd388","Mingone","carnello","Bib Gourmand","yes","merge","high","same city and category; Michelin name is inside the old name","merge"
"43","ve_6170a2ff5e","Dissapore Ristorante di Andrea Catalano","carovigno","active","One Star","0","ve_30d3ed0320","Dissapore di Andrea Catalano","carovigno","One Star","yes","merge","high","Dissapore, Andrea Catalano","merge"
"44","ve_fd381761f8","Trattoria Vascello d'Oro con camere","carru","active","Bib Gourmand","0","ve_e02ff6ed99","Vascello d'Oro","carru","Bib Gourmand","yes","merge","high","same city and category; Michelin name is inside the old name","merge"
"45","ve_7768e80af3","Ristorante Cacciatori di Milano Massimo","cartosio","active","Bib Gourmand","0","ve_e53e5c069b","Cacciatori","cartosio","Bib Gourmand","yes","merge","high","same city and category; Michelin name is inside the old name","merge"
"46","ve_eb90f4645b","Stella Ristorante Vineria e Locanda","casaglia","active","Bib Gourmand","0","ve_9ab08aef56","Stella","casaglia","Bib Gourmand","yes","merge","high","same city and category; Michelin name is inside the old name","merge"
"47","ve_3bb7d0e719","Laqua Vineyard","casanova-di-terricciola","active","One Star","0","ve_4814393604","Cannavacciuolo Vineyard","casanova-di-terricciola","One Star","yes","merge","medium","Laqua Vineyard now carries the Cannavacciuolo name; only candidate",""
"48","ve_a4c824e918","Ristorante Reale","castel-di-sangro","active","Three Stars","11","ve_4cd1c6b52d","Reale","castel-di-sangro","Three Stars","yes","merge","high","same city and category; Michelin name is inside the old name","merge"
"49","ve_247dbc6150","Agostino Iacobucci","castel-maggiore","active","One Star","1","ve_41ac43bb73","Iacobucci","castel-maggiore","One Star","yes","merge","high","same city and category; Michelin name is inside the old name","merge"
"50","ve_38e919293b","Palazzaccio Ristorante","castelbuono","active","Bib Gourmand","0","ve_bf9b47dd0b","Palazzaccio","castelbuono","Bib Gourmand","yes","merge","high","same city and category; Michelin name is inside the old name","merge"
"51","ve_ece2c35281","Ristorante Nangalarruni","castelbuono","active","Bib Gourmand","0","ve_e9e60657cf","Nangalarruni","castelbuono","Bib Gourmand","yes","merge","high","same city and category; Michelin name is inside the old name","merge"
"52","ve_e82e1eb7aa","Restaurant At the Owl's Beak","castelmezzano","active","Bib Gourmand","0","ve_82868136d8","Al Becco della Civetta","castelmezzano","Bib Gourmand","yes","merge","medium","old name is the English translation of Al Becco della Civetta; only candidate",""
"53","ve_ab30389c9a","L'Asinello Ristorante","castelnuovo-berardenga","active","One Star","0","ve_93a04fe425","L'Asinello","castelnuovo-berardenga","One Star","yes","merge","high","same city and category; Michelin name is inside the old name","merge"
"54","ve_71314c6097","Ristorante L'Acquario","castiglione-del-lago","active","Bib Gourmand","0","ve_9ce620c2cf","L'Acquario","castiglione-del-lago","Bib Gourmand","yes","merge","high","same city and category; Michelin name is inside the old name","merge"
"55","ve_fefe2728a6","Osteria del Mare già Vòtapentole","castiglione-della-pescaia","active","Bib Gourmand","0","ve_6c925ea7b2","Osteria del Mare già il ""Votapentole""","castiglione-della-pescaia","Bib Gourmand","yes","merge","high","Osteria del Mare già Votapentole","merge"
"56","ve_73a2c9101d","Ristorante Coria","catania","active","One Star","0","ve_721d5c8d25","Coria","catania","One Star","yes","merge","high","same city and category; Michelin name is inside the old name","merge"
"57","ve_b8430e36c3","Oseleta Restaurant","cavaion-veronese","active","One Star","0","ve_24ee4dbae5","Oseleta","cavaion-veronese","One Star","yes","merge","high","same city and category; Michelin name is inside the old name","merge"
"58","ve_3ed52727c2","Ristorante El Molin","cavalese","active","One Star","1","ve_0c2b6ab83d","El Molin","cavalese","One Star","yes","merge","high","same city and category; Michelin name is inside the old name","merge"
"59","ve_17806afc9f","Ristorante Da Fausto","cavatore","active","Bib Gourmand","0","ve_6a30df3b91","Da Fausto","cavatore","Bib Gourmand","yes","merge","high","same city and category; Michelin name is inside the old name","merge"
"60","ve_81d1930a13","Ristorante Il Saraceno","cavernago","active","One Star","0","ve_d371719674","Il Saraceno","cavernago","One Star","yes","merge","high","same city and category; Michelin name is inside the old name","merge"
"61","ve_3e37bfb476","Trattoria Raieü","cavi-di-lavagna","active","Bib Gourmand","0","ve_b6c34ddd1c","Raieü","cavi-di-lavagna","Bib Gourmand","yes","merge","high","same city and category; Michelin name is inside the old name","merge"
"62","ve_27fe47b3ff","Ristorante Materia Cernobbio","cernobbio","active","One Star","4","ve_c4ee21de98","Materia","cernobbio","One Star","yes","merge","high","same city and category; Michelin name is inside the old name","merge"
"63","ve_d977f455fb","Ancòra Cesenatico","cesenatico","active","One Star","0","ve_3d3a546bfb","Ancòra","cesenatico","One Star","yes","merge","high","same city and category; Michelin name is inside the old name","merge"
"64","ve_c7f5181cd4","Armatore La Dispensa – Ristorante di Mare | Cetara","cetara","active","Bib Gourmand","0","ve_ff11b31bf9","La Dispensa di Armatore","cetara","Bib Gourmand","yes","merge","high","Armatore, La Dispensa; two Bibs in Cetara, the other is Al Convento","merge"
"65","ve_603528e837","Ristorante Al Convento Cetara","cetara","active","Bib Gourmand","0","ve_31705bfb65","Al Convento - Casa Torrente","cetara","Bib Gourmand","yes","merge","high","Al Convento; two Bibs in Cetara, the other is La Dispensa di Armatore","merge"
"66","ve_6504540317","Saporium Chiusdino","chiusdino","active","One Star","0","ve_85df296a9b","Saporium","chiusdino","One Star","yes","merge","high","same city and category; Michelin name is inside the old name","merge"
"67","ve_f06f2f4e48","Locanda del Sant’Uffizio Enrico Bartolini","cioccaro-di-penango","active","Two Stars","1","ve_f4e864c4b6","Locanda Sant'Uffizio Enrico Bartolini","cioccaro-di-penango","Two Stars","yes","merge","high","Locanda (del) Sant'Uffizio Enrico Bartolini","merge"
"68","ve_8ee1c34b70","La Bandiera B&B","civitella-casanova","active","One Star","0","ve_9ddcffa00b","La Bandiera","civitella-casanova","One Star","yes","merge","high","same city and category; Michelin name is inside the old name","merge"
"69","ve_d401e6376c","Ristorante La Zanzara","codigoro","active","One Star","0","ve_5925c4752e","La Zanzara","codigoro","One Star","yes","merge","high","same city and category; Michelin name is inside the old name","merge"
"70","ve_e13daa5c7c","Le Petit Restaurant c/o Bellevue Hotel & Spa","cogne","active","One Star","0","ve_4eb5d31b82","Le Petit Bellevue","cogne","One Star","yes","merge","high","Le Petit restaurant at the Bellevue hotel","merge"
"71","ve_ec5bb0dfdb","Ristorante Arnolfo | 2 Stelle Michelin","colle-di-val-delsa","active","Two Stars","2","ve_11423aa956","Arnolfo","colle-di-val-delsa","Two Stars","yes","merge","high","same city and category; Michelin name is inside the old name","merge"
"72","ve_45b44ca3cc","La Subida Country Resort - Trattoria al Cacciatore","cormons","active","One Star","0","ve_c58f3317b6","Trattoria al Cacciatore - La Subida","cormons","One Star","yes","merge","high","same two parts in reverse order","merge"
"73","ve_5d1beeb7ee","Ristorante Amistà","corrubbio","active","One Star","0","ve_26c2f1fe46","Amistà","corrubbio","One Star","yes","merge","high","same city and category; Michelin name is inside the old name","merge"
"74","ve_88d96f125c","Gabbiano1983 - Specialità d'oca e grandi vini","corte-de-cortesi","active","Bib Gourmand","0","ve_8e2969acaf","Gabbiano 1983","corte-de-cortesi","Bib Gourmand","yes","merge","high","same city and category; Michelin name is inside the old name","merge"
"75","ve_ee457522bf","Ristorante Tivoli Cortina","cortina-dampezzo","closed","One Star","0","ve_c0a91a26c2","Tivoli","cortina-dampezzo","One Star","yes","merge","high","same city and category; Michelin name is inside the old name. FLAG: old venue status is closed, but Michelin 2026 lists it",""
"76","ve_f977a3acfd","La Bucaccia - Da Romano","cortona","active","Bib Gourmand","0","ve_22c16564ee","La Bucaccia","cortona","Bib Gourmand","yes","merge","high","same city and category; Michelin name is inside the old name","merge"
"77","ve_1e0c86fb05","Ristorante Equilibrio","dolcedo","active","One Star","0","ve_25ceae9c30","Equilibrio","dolcedo","One Star","yes","merge","high","same city and category; Michelin name is inside the old name","merge"
"78","ve_a616dd276e","Agriturismo Ronchi Rò","dolegna-del-collio","active","Bib Gourmand","0","ve_358a138a4e","Ronchi Rò","dolegna-del-collio","Bib Gourmand","yes","merge","high","same city and category; Michelin name is inside the old name","merge"
"79","ve_20439c7bf2","Ristorante da Sapì","esine","active","Bib Gourmand","0","ve_ab4be64dac","Da Sapì","esine","Bib Gourmand","yes","merge","high","same city and category; Michelin name is inside the old name","merge"
"80","ve_8294c26d40","Osteria Ristorante La Baita","faenza","active","Bib Gourmand","0","ve_f568148b65","La Baita","faenza","Bib Gourmand","yes","merge","high","same city and category; Michelin name is inside the old name","merge"
"81","ve_cda705bd27","Il Fagiano - Grand Hotel Fasano","fasano-del-garda","active","One Star","0","ve_7a780193f5","Il Fagiano","fasano-del-garda","One Star","yes","merge","high","same city and category; Michelin name is inside the old name","merge"
"82","ve_251842320d","Ca' d' Frara Trattoria Moderna","ferrara","active","Bib Gourmand","0","ve_d0e6893124","Ca' d'Frara","ferrara","Bib Gourmand","yes","merge","high","same city and category; Michelin name is inside the old name","merge"
"83","ve_81bd05e2f3","Ristorante Villa Fiesole","fiesole","active","One Star","0","ve_9a7a4820e5","Serrae Villa Fiesole","fiesole","One Star","yes","merge","high","Villa Fiesole","merge"
"84","ve_cb8a5bfb01","4112 - QuarantunoDodici Ristorante Bar","fiumicino","active","Bib Gourmand","0","ve_fd0d22f8bf","QuarantunoDodici","fiumicino","Bib Gourmand","yes","merge","high","same city and category; Michelin name is inside the old name","merge"
"85","ve_4af63ccc53","Ristorante Il Tino","fiumicino","active","One Star","0","ve_5806b0318c","Il Tino","fiumicino","One Star","yes","merge","high","same city and category; Michelin name is inside the old name","merge"
"86","ve_7fc42a61e1","Borgo San Iacopo","florence","active","One Star","0","ve_06fe5cbaa4","Borgo San Jacopo","florence","One Star","yes","merge","high","Iacopo = Jacopo","merge"
"87","ve_77f190505b","Cibrèo Trattoria","florence","active","Bib Gourmand","0","ve_f7c8ef7bf0","Trattoria Cibrèo - Il Cibrèino","florence","Bib Gourmand","yes","merge","high","Trattoria Cibrèo","merge"
"88","ve_9a2facfe30","Gucci Osteria","florence","active","One Star","3","ve_37523466e7","Gucci Osteria da Massimo Bottura","florence","One Star","yes","merge","high","same city and category; Michelin name is inside the old name","merge"
"89","ve_e1339c5391","Ristorante Santa Elisabetta","florence","active","Two Stars","1","ve_5263416672","Santa Elisabetta","florence","Two Stars","yes","merge","high","same city and category; Michelin name is inside the old name","merge"
"90","ve_0a0ea1b7c9","Ristorante Trattoria da Burde","florence","active","Bib Gourmand","0","ve_3faf2fe366","Da Burde","florence","Bib Gourmand","yes","merge","high","same city and category; Michelin name is inside the old name","merge"
"91","ve_e7baad3a51","Ristorante La Magnolia","forte-dei-marmi","active","One Star","0","ve_3194b2de28","La Magnolia","forte-dei-marmi","One Star","yes","merge","high","same city and category; Michelin name is inside the old name","merge"
"92","ve_a58b5833fa","Ristorante Lorenzo","forte-dei-marmi","active","One Star","1","ve_0ffda6106c","Lorenzo","forte-dei-marmi","One Star","yes","merge","high","same city and category; Michelin name is inside the old name","merge"
"93","ve_10c01a7f1d","Ristorante Lux Lucis","forte-dei-marmi","active","One Star","3","ve_7d934851f2","Lux Lucis","forte-dei-marmi","One Star","yes","merge","high","same city and category; Michelin name is inside the old name","merge"
"94","ve_d928aeb878","Ristorante Sciabola","forte-dei-marmi","active","One Star","0","ve_bc6f9d6c42","Sciabola","forte-dei-marmi","One Star","yes","merge","high","same city and category; Michelin name is inside the old name","merge"
"95","ve_8333e63945","Bluh Furore fine dining","furore","active","One Star","0","ve_703229c7eb","Bluh Furore","furore","One Star","yes","merge","high","same city and category; Michelin name is inside the old name","merge"
"96","ve_cb3979c1de","Ristorante Lanzagallo","gaibana","active","Bib Gourmand","0","ve_8bdcf2ed56","Trattoria Lanzagallo","gaibana","Bib Gourmand","yes","merge","high","Lanzagallo; only candidate","merge"
"97","ve_befa64f027","Il Ristorante Il Pievano","gaiole-in-chianti","active","One Star","0","ve_96d8114cd4","Il Pievano","gaiole-in-chianti","One Star","yes","merge","high","same city and category; Michelin name is inside the old name","merge"
"98","ve_dc6e3a4a0c","Osteria La Campanara","galeata","active","Bib Gourmand","0","ve_6f0cb6f91b","La Campanara","galeata","Bib Gourmand","yes","merge","high","same city and category; Michelin name is inside the old name","merge"
"99","ve_5d8d36d033","Ristorante Al Palazzon","galliera-veneta","active","Bib Gourmand","0","ve_113197c5fa","Al Palazzon","galliera-veneta","Bib Gourmand","yes","merge","high","same city and category; Michelin name is inside the old name","merge"
"100","ve_af8c9c49f4","Ristorante La Tortuga","gargnano","active","One Star","0","ve_33975b3dd3","La Tortuga","gargnano","One Star","yes","merge","high","same city and category; Michelin name is inside the old name","merge"
"101","ve_fb0efa67af","RISTORANTE SAN GIORGIO","genoa","active","One Star","0","ve_00782073e4","San Giorgio","genoa","One Star","yes","merge","high","same city and category; Michelin name is inside the old name","merge"
"102","ve_f633c4e10b","Agli Amici 1887","godia","active","Two Stars","2","ve_0335fa26c1","Agli Amici","godia","Two Stars","yes","merge","high","same city and category; Michelin name is inside the old name","merge"
"103","ve_7ec48dcb22","Durna in Selva","gsies","active","Bib Gourmand","0","ve_70ecca2d0c","Durnwald","gsies","Bib Gourmand","yes","merge","medium","Durna in Selva is the Italian form of Durnwald; only candidate",""
"104","ve_9ecda6dc01","Ristorante Sarri","imperia","active","One Star","0","ve_45e8f51329","Sarri","imperia","One Star","yes","merge","high","same city and category; Michelin name is inside the old name","merge"
"105","ve_c9677a172d","Hotel & Südtiroler Gasthaus Restaurant Gassenwirt","kiens","active","Bib Gourmand","0","ve_dbbafd1921","Gassenwirt","kiens","Bib Gourmand","yes","merge","high","same city and category; Michelin name is inside the old name","merge"
"106","ve_2fa1639779","Antonello Colonna Resort & Spa","labico","active","One Star","0","ve_16f690d515","Antonello Colonna Labico","labico","One Star","yes","merge","high","Antonello Colonna in Labico","merge"
"107","ve_d86234c258","Ristorante Indaco","lacco-ameno","active","One Star","0","ve_c94cfc8ce2","Indaco","lacco-ameno","One Star","yes","merge","high","same city and category; Michelin name is inside the old name","merge"
"108","ve_c643c6c3c8","Ristorante Vecchia Lama","lama-mocogno","active","Bib Gourmand","0","ve_f1d383b476","Vecchia Lama","lama-mocogno","Bib Gourmand","yes","merge","high","same city and category; Michelin name is inside the old name","merge"
"109","ve_b968ed2d32","Trattoria Zamboni","lapio","active","Bib Gourmand","0","ve_e2ae736d52","Trattoria da Zamboni","lapio","Bib Gourmand","yes","merge","high","Trattoria (da) Zamboni","merge"
"110","ve_04c2784726","Lavello","lavello","active","Bib Gourmand","0","ve_754a838647","Forentum","lavello","Bib Gourmand","yes","merge","medium","old name is only the town name (wrong Google match); Forentum is the only Bib in Lavello",""
"111","ve_2bc7ce7396","Ristorante Boivin","levico-terme","active","Bib Gourmand","0","ve_681b1ea0c3","Boivin","levico-terme","Bib Gourmand","yes","merge","high","same city and category; Michelin name is inside the old name","merge"
"112","ve_753159192f","Ristorante la Madia","licata","active","Two Stars","3","ve_2aabb4e3ca","La Madia","licata","Two Stars","yes","merge","high","same city and category; Michelin name is inside the old name","merge"
"113","ve_7562363fa4","SENSO Lake Garda","limone-sul-garda","active","One Star","1","ve_63377c835c","Senso Lake Garda Alfio Ghezzi","limone-sul-garda","One Star","yes","merge","high","same city and category; Michelin name is inside the old name","merge"
"114","ve_659d7239ba","Shalai Resort","linguaglossa","active","One Star","0","ve_80c795c589","Shalai","linguaglossa","One Star","yes","merge","high","same city and category; Michelin name is inside the old name","merge"
"115","ve_ffe997e479","Ristorante Dei Cantoni","longiano","active","Bib Gourmand","0","ve_e6ecc54a2c","Dei Cantoni","longiano","Bib Gourmand","yes","merge","high","same city and category; Michelin name is inside the old name","merge"
"116","ve_58a7a449c1","Ristorante Andreina","loreto","active","One Star","4","ve_cf577c1bdf","Andreina","loreto","One Star","yes","merge","high","same city and category; Michelin name is inside the old name","merge"
"117","ve_c8b68b8b65","Cantinone","madesimo","active","One Star","0","ve_bbb0109bf0","Il Cantinone e Sport Hotel Alpina","madesimo","One Star","yes","merge","high","same city and category; Michelin name is inside the old name","merge"
"118","ve_8b7f1d01be","Ristorante Dolomieu","madonna-di-campiglio","closed","One Star","0","ve_2b7904fc89","Dolomieu","madonna-di-campiglio","One Star","yes","merge","high","same city and category; Michelin name is inside the old name. FLAG: old venue status is closed, but Michelin 2026 lists it",""
"119","ve_30947232fd","Ristorante Il Gallo Cedrone","madonna-di-campiglio","closed","One Star","0","ve_70168c0bea","Il Gallo Cedrone","madonna-di-campiglio","One Star","yes","merge","high","same city and category; Michelin name is inside the old name. FLAG: old venue status is closed, but Michelin 2026 lists it",""
"120","ve_eaac991379","Ristorante Vecchia Malcesine","malcesine","active","One Star","0","ve_872c8e5ff8","Vecchia Malcesine","malcesine","One Star","yes","merge","high","same city and category; Michelin name is inside the old name","merge"
"121","ve_248a61276b","Ristorante La Favellina","malo","active","One Star","0","ve_cb4482d122","La Favellina","malo","One Star","yes","merge","high","same city and category; Michelin name is inside the old name","merge"
"122","ve_55968152c6","Casamatta Restaurant","manduria","active","One Star","0","ve_69b71769a0","Casamatta","manduria","One Star","yes","merge","high","same city and category; Michelin name is inside the old name","merge"
"123","ve_c8f1ad893d","Ristorante Capriccio","manerba-del-garda","active","One Star","0","ve_5c28a3fd74","Capriccio","manerba-del-garda","One Star","yes","merge","high","same city and category; Michelin name is inside the old name","merge"
"124","ve_90d86673af","Ristorante La Preséf","mantello","active","One Star","0","ve_58f3d63f9d","La Preséf","mantello","One Star","yes","merge","high","same city and category; Michelin name is inside the old name","merge"
"125","ve_e8539d768b","Ristorante Cavallino","maranello","active","One Star","1","ve_66c95394b5","Cavallino","maranello","One Star","yes","merge","high","same city and category; Michelin name is inside the old name","merge"
"126","ve_31444e17e1","Trattoria Al Piave","mariano-del-friuli","active","Bib Gourmand","0","ve_499618d3a1","Al Piave","mariano-del-friuli","Bib Gourmand","yes","merge","high","same city and category; Michelin name is inside the old name","merge"
"127","ve_f39b6996b8","Ristorante Gambero","marina-di-gioiosa-ionica","active","One Star","6","ve_e684b8e293","Gambero Rosso","marina-di-gioiosa-ionica","One Star","yes","merge","high","Gambero (Rosso); only candidate","merge"
"128","ve_26c86a305a","Ristorante VotaVota","marina-di-ragusa","active","One Star","0","ve_b1d0a7e318","Votavota","marina-di-ragusa","One Star","yes","merge","high","same city and category; Michelin name is inside the old name","merge"
"129","ve_c0311032c2","Ristorante Butterfly","marlia","active","One Star","0","ve_72a0ac631b","Butterfly","marlia","One Star","yes","merge","high","same city and category; Michelin name is inside the old name","merge"
"130","ve_f452b99b6e","Trattoria BROS'","martina-franca","active","Bib Gourmand","2","ve_671458d82c","Bros' Trattoria","martina-franca","Bib Gourmand","yes","merge","high","Bros' Trattoria","merge"
"131","ve_56e6115581","Vitantonio Lombardo Ristorante","matera","active","One Star","0","ve_83c44f7e72","Vitantonio Lombardo","matera","One Star","yes","merge","high","same city and category; Michelin name is inside the old name","merge"
"132","ve_ab0417cf78","Gourmet Restaurant Prezioso","merano","active","One Star","1","ve_85c76921f6","Prezioso","merano","One Star","yes","merge","high","same city and category; Michelin name is inside the old name","merge"
"133","ve_44ab63e419","In Viaggio - Claudio Melis Restaurant","merano","active","One Star","0","ve_bc773cb1ca","In Viaggio - Claudio Melis","merano","One Star","yes","merge","high","same city and category; Michelin name is inside the old name","merge"
"134","ve_d58d2221e4","Andrea Aprea | Ristorante","milan","active","Two Stars","3","ve_362f8ecf91","Andrea Aprea","milan","Two Stars","yes","merge","high","same city and category; Michelin name is inside the old name","merge"
"135","ve_233364b3de","Anima Milano | Enrico Bartolini","milan","active","One Star","1","ve_6df8495da7","Anima","milan","One Star","yes","merge","high","same city and category; Michelin name is inside the old name","merge"
"136","ve_b711bdbf7a","Cracco","milan","active","One Star","9","ve_fc2ea62d19","Cracco in Galleria","milan","One Star","yes","merge","high","same city and category; Michelin name is inside the old name","merge"
"137","ve_9b42d4f61b","Il Luogo di Aimo e Nadia","milan","active","One Star","2","ve_086cbe64f2","Il Luogo Aimo e Nadia","milan","One Star","yes","merge","high","Il Luogo (di) Aimo e Nadia","merge"
"138","ve_aa4d3229b3","Moebius Milano","milan","active","One Star","0","ve_f1cbb69116","Moebius Sperimentale","milan","One Star","yes","merge","high","Moebius Sperimentale is the starred room of Moebius Milano","merge"
"139","ve_39bf4c8d77","Ristorante Abba","milan","active","One Star","0","ve_4bb4b75cdb","Abba","milan","One Star","yes","merge","high","same city and category; Michelin name is inside the old name","merge"
"140","ve_c4385fefb6","Ristorante Berton","milan","active","One Star","1","ve_23b258472d","Berton","milan","One Star","yes","merge","high","same city and category; Michelin name is inside the old name","merge"
"141","ve_8d7ca7653a","Ristorante Olmo","milan","active","One Star","1","ve_d51d9dd934","Olmo","milan","One Star","yes","merge","high","same city and category; Michelin name is inside the old name","merge"
"142","ve_1e4fb9b60e","Trattoria Trippa","milan","active","Bib Gourmand","2","ve_14dde23193","Trippa","milan","Bib Gourmand","yes","merge","high","same city and category; Michelin name is inside the old name","merge"
"143","ve_a197115998","Verso Ristorante, Capitaneo","milan","active","Two Stars","1","ve_ac011da0b7","Verso Capitaneo","milan","Two Stars","yes","merge","high","Verso Capitaneo","merge"
"144","ve_7c3b8dd333","Via Giulio Cesare Procaccini","milan","active","One Star","0","ve_7ff84aabf5","Procaccini","milan","One Star","yes","merge","medium","old name is a street address",""
"145","ve_a9e8326518","Ristorante da Flavio e Fabrizio","mirano","active","Bib Gourmand","0","ve_733a6ee3c2","Da Flavio e Fabrizio ""Al Teatro""","mirano","Bib Gourmand","yes","merge","high","Da Flavio e Fabrizio","merge"
"146","ve_137c9a25b2","Ristorante Malga Panna","moena","closed","One Star","0","ve_bb0b252a8f","Malga Panna","moena","One Star","yes","merge","high","same city and category; Michelin name is inside the old name. FLAG: old venue status is closed, but Michelin 2026 lists it",""
"147","ve_b81330cd14","Ristorante Il Cedro","moggiona","active","Bib Gourmand","0","ve_db8b6655db","Il Cedro","moggiona","Bib Gourmand","yes","merge","high","same city and category; Michelin name is inside the old name","merge"
"148","ve_4ce65f22cf","Ristorante Borgo Sant'Anna","monforte-dalba","active","One Star","1","ve_9ae0244c54","Borgo Sant'Anna","monforte-dalba","One Star","yes","merge","high","same city and category; Michelin name is inside the old name","merge"
"149","ve_cb5e60fa70","Ristorante Campo Del Drago - Rosewood Castiglion del Bosco","montalcino","active","Two Stars","1","ve_6b2f0a92df","Campo del Drago","montalcino","Two Stars","yes","merge","high","same city and category; Michelin name is inside the old name","merge"
"150","ve_9c5bd66e72","Agriturismo Camiano Piccolo","montefalco","active","Bib Gourmand","0","ve_34c5b2dc43","Camiano Piccolo","montefalco","Bib Gourmand","yes","merge","high","same city and category; Michelin name is inside the old name","merge"
"151","ve_15ce1a6425","Osteria dell'Accademia, Castello di Montegridolfo","montegridolfo","active","Bib Gourmand","0","ve_0eb9a4a236","Osteria dell'Accademia","montegridolfo","Bib Gourmand","yes","merge","high","same city and category; Michelin name is inside the old name","merge"
"152","ve_cac4391e0e","Antichi Sapori Montegrosso","montegrosso","active","Bib Gourmand","0","ve_1848057edc","Antichi Sapori","montegrosso","Bib Gourmand","yes","merge","high","same city and category; Michelin name is inside the old name","merge"
"153","ve_29b231c710","Ristorante Caino","montemerano","active","Two Stars","1","ve_a6225229ce","Caino","montemerano","Two Stars","yes","merge","high","same city and category; Michelin name is inside the old name","merge"
"154","ve_e35b495f7a","D.one","montepagano","active","One Star","0","ve_d24f412173","D.one Ristorante Diffuso","montepagano","One Star","yes","merge","high","same city and category; Michelin name is inside the old name","merge"
"155","ve_e353e92c60","Futura Osteria di Abbadia Isola","monteriggioni","active","Bib Gourmand","0","ve_031a3333be","Futura Osteria","monteriggioni","Bib Gourmand","yes","merge","high","same city and category; Michelin name is inside the old name","merge"
"156","ve_b2d04dfdb5","Trattoria della Fortuna di Allegrini Daniela","monterotondo","active","Bib Gourmand","0","ve_2736d35d0e","Trattoria della Fortuna","monterotondo","Bib Gourmand","yes","merge","high","same city and category; Michelin name is inside the old name","merge"
"157","ve_867afeb3d0","Trattoria Cattivelli","monticelli-dongina","active","Bib Gourmand","0","ve_90a0538675","Antica Trattoria Cattivelli","monticelli-dongina","Bib Gourmand","yes","merge","high","same city and category; Michelin name is inside the old name","merge"
"158","ve_6a85d45754","Ristorante Roma","montoggio","active","Bib Gourmand","0","ve_13a4412504","Roma","montoggio","Bib Gourmand","yes","merge","high","same city and category; Michelin name is inside the old name","merge"
"159","ve_630ff4b6d2","Ristorante Castagneto dal 1969","montrigiasco","active","Bib Gourmand","0","ve_0ba5c4f9ec","Castagneto","montrigiasco","Bib Gourmand","yes","merge","high","same city and category; Michelin name is inside the old name","merge"
"160","ve_1abb5a64d0","Ristorante Da Gregorio","morrano-nuovo","active","Bib Gourmand","0","ve_b236cd7ecf","Da Gregorio","morrano-nuovo","Bib Gourmand","yes","merge","high","same city and category; Michelin name is inside the old name","merge"
"161","ve_e1acbc7697","Gasthaus Apollonia","nals","active","Bib Gourmand","0","ve_654623d855","Apollonia","nals","Bib Gourmand","yes","merge","high","same city and category; Michelin name is inside the old name","merge"
"162","ve_0c28f3dbce","Veritas Restaurant","naples","active","One Star","0","ve_d8d231a412","Veritas","naples","One Star","yes","merge","high","same city and category; Michelin name is inside the old name","merge"
"163","ve_0e2cf0cc42","Trattoria La Brinca","ne","active","Bib Gourmand","0","ve_ca3006c29c","La Brinca","ne","Bib Gourmand","yes","merge","high","same city and category; Michelin name is inside the old name","merge"
"164","ve_d71347bfcb","Ristorante Vescovado","noli","active","One Star","0","ve_c51975014c","Vescovado","noli","One Star","yes","merge","high","same city and category; Michelin name is inside the old name","merge"
"165","ve_7a98523bda","Granaro Del Monte Restaurant","norcia","active","Bib Gourmand","0","ve_7c26ca4795","Granaro del Monte","norcia","Bib Gourmand","yes","merge","high","same city and category; Michelin name is inside the old name","merge"
"166","ve_d9b2f7faff","Ristorante Vespasia","norcia","active","One Star","0","ve_eb9d851cc7","Vespasia","norcia","One Star","yes","merge","high","same city and category; Michelin name is inside the old name","merge"
"167","ve_bbad5e41eb","Ristorante Crocifisso","noto","active","One Star","0","ve_686c910a23","Crocifisso","noto","One Star","yes","merge","high","same city and category; Michelin name is inside the old name","merge"
"168","ve_c8085884a5","Ristorante Da Marchesi","novafeltria","active","Bib Gourmand","0","ve_f6bb615a56","Da Marchesi","novafeltria","Bib Gourmand","yes","merge","high","same city and category; Michelin name is inside the old name","merge"
"169","ve_f8641e8d4b","Massimo Camia Ristorante - Locanda Camia","novello","active","One Star","0","ve_da9a1ba760","Massimo Camia","novello","One Star","yes","merge","high","same city and category; Michelin name is inside the old name","merge"
"170","ve_9daeb9321f","Ristorante Gellivs","oderzo","active","One Star","0","ve_a2ab9c0b48","Gellivs","oderzo","One Star","yes","merge","high","same city and category; Michelin name is inside the old name","merge"
"171","ve_752a8f07f3","Su Gologone Experience Hotel","oliena","active","Bib Gourmand","0","ve_56476eb257","Su Gologone","oliena","Bib Gourmand","yes","merge","high","same city and category; Michelin name is inside the old name","merge"
"172","ve_155693285b","Ristorante Famiglia Rana","oppeano","active","Two Stars","2","ve_1a08c4cece","Famiglia Rana","oppeano","Two Stars","yes","merge","high","same city and category; Michelin name is inside the old name","merge"
"173","ve_94e5c5e1cc","Ristorante Olio","origgio","active","One Star","0","ve_55440e6e9d","Olio","origgio","One Star","yes","merge","high","same city and category; Michelin name is inside the old name","merge"
"174","ve_0a91203107","Locanda di Orta","orta-san-giulio","active","One Star","0","ve_3d9cab4b86","Andrea Monesi - Locanda di Orta","orta-san-giulio","One Star","yes","merge","high","same city and category; Michelin name is inside the old name","merge"
"175","ve_5544dcb0fd","Anna Stuben 1 Stella Michelin","ortisei","active","One Star","1","ve_67a0072fc9","Anna Stuben","ortisei","One Star","yes","merge","high","same city and category; Michelin name is inside the old name","merge"
"176","ve_67ca893447","Taverna de li Caldora","pacentro","active","Bib Gourmand","0","ve_2edfe9ff73","Taverna dei Caldora","pacentro","Bib Gourmand","yes","merge","high","de li / dei Caldora","merge"
"177","ve_1727fb4901","Le Calandrе","padua","active","Three Stars","22","ve_d4db682529","Le Calandre","padua","Three Stars","yes","merge","high","same city and category; Michelin name is inside the old name","merge"
"178","ve_3e095e9773","Le Trabe Tenuta Capodifiume","paestum","active","One Star","0","ve_94e280abc1","Le Trabe","paestum","One Star","yes","merge","high","same city and category; Michelin name is inside the old name","merge"
"179","ve_ca0cc0ea54","Ristorante Tre Olivi","paestum","active","One Star","2","ve_f01cedffab","Tre Olivi","paestum","One Star","yes","merge","high","same city and category; Michelin name is inside the old name","merge"
"180","ve_6d2d60d7ba","Andrea Ristorante - Enoteca","palazzolo-acreide","active","Bib Gourmand","0","ve_60db2c18b1","Andrea - Sapori Montani","palazzolo-acreide","Bib Gourmand","yes","merge","high","Andrea; only same-town Bib","merge"
"181","ve_6a2fb5c7bf","I Tri Siochett - Ristorante Trattoria","parma","active","Bib Gourmand","0","ve_40e61874fc","I Tri Siochètt","parma","Bib Gourmand","yes","merge","high","same city and category; Michelin name is inside the old name","merge"
"182","ve_e594164193","Ristorante Inkiostro","parma","active","One Star","1","ve_302f801252","Inkiostro","parma","One Star","yes","merge","high","same city and category; Michelin name is inside the old name","merge"
"183","ve_3bb90f4d3f","Ristorante Il Piastrino","pennabilli","active","One Star","1","ve_3b4dc38f36","Il Piastrino","pennabilli","One Star","yes","merge","high","same city and category; Michelin name is inside the old name","merge"
"184","ve_d6a813d347","Ristorante ""Ada""","perugia","active","One Star","0","ve_eb026cbf9d","Ada","perugia","One Star","yes","merge","high","same city and category; Michelin name is inside the old name","merge"
"185","ve_ca6e409319","Nole Ristorante","pescara","closed","Bib Gourmand","0","ve_675e55129c","Nole","pescara","Bib Gourmand","yes","merge","high","same city and category; Michelin name is inside the old name. FLAG: old venue status is closed, but Michelin 2026 lists it",""
"186","ve_352636ed8a","Trattoria Dell'Alba","piadena","active","Bib Gourmand","0","ve_c29d125703","Dell'Alba","piadena","Bib Gourmand","yes","merge","high","same city and category; Michelin name is inside the old name","merge"
"187","ve_191c9ba60d","Trattoria ""da Paeto"" Baccalà","pianiga","active","Bib Gourmand","0","ve_10bc2972f2","Trattoria da Paeto","pianiga","Bib Gourmand","yes","merge","high","same city and category; Michelin name is inside the old name","merge"
"188","ve_803e5b3565","Terme Di Pigna","pigna","closed","Bib Gourmand","0","ve_889939b62e","Terme","pigna","Bib Gourmand","yes","merge","medium","old name is a hotel (Terme di Pigna); Terme is its Bib restaurant. FLAG: old venue status is closed, but Michelin 2026 lists it",""
"189","ve_993528760a","Ristorante Grual","pinzolo","active","One Star","0","ve_cd533e3224","Grual","pinzolo","One Star","yes","merge","high","same city and category; Michelin name is inside the old name","merge"
"190","ve_2e3fa5892c","Ristorante & Albergo di Charme 21.9 Flavio Costa","piobesi-dalba","active","One Star","0","ve_741ea4e062","21.9","piobesi-dalba","One Star","yes","merge","high","same city and category; Michelin name is inside the old name","merge"
"191","ve_4209e63b7a","Ristorante Angiolina","pisciotta","active","Bib Gourmand","0","ve_64f7464dfb","Angiolina","pisciotta","Bib Gourmand","yes","merge","high","same city and category; Michelin name is inside the old name","merge"
"192","ve_1622d587a0","Antica Corte Pallavicina Relais","polesine-parmense","active","One Star","0","ve_f80d4fd8b2","Antica Corte Pallavicina","polesine-parmense","One Star","yes","merge","high","same city and category; Michelin name is inside the old name","merge"
"193","ve_10446b243a","Pashà Ristorante e Dimora","polignano-a-mare","active","One Star","0","ve_ff33d6739f","Pashà","polignano-a-mare","One Star","yes","merge","high","same city and category; Michelin name is inside the old name","merge"
"194","ve_2643fb4ca8","Ristorante President Pompei","pompei","active","One Star","0","ve_32ee12dfe3","President","pompei","One Star","yes","merge","high","same city and category; Michelin name is inside the old name","merge"
"195","ve_81e7bf0bc1","Ristorante Locanda Cacciatori","ponte-dellolio","active","Bib Gourmand","0","ve_9712a30490","Locanda Cacciatori","ponte-dellolio","Bib Gourmand","yes","merge","high","same city and category; Michelin name is inside the old name","merge"
"196","ve_436685bedd","Materiaprima Osteria Contemporanea","pontinia","active","One Star","0","ve_6fdda208af","Mater1apr1ma","pontinia","One Star","yes","merge","high","Materiaprima = Mater1apr1ma","merge"
"197","ve_935c039ce4","Confusion","porto-cervo","active","One Star","0","ve_515e774f23","Italo Bassi Confusion Restaurant","porto-cervo","One Star","yes","merge","high","same city and category; Michelin name is inside the old name","merge"
"198","ve_59eae1f648","Ristorante Cracco Portofino","portofino","active","One Star","2","ve_b8d0d58000","Cracco Portofino","portofino","One Star","yes","merge","high","same city and category; Michelin name is inside the old name","merge"
"199","ve_542c195114","Paca Ristorante","prato","active","One Star","0","ve_baaebcb2f8","Paca","prato","One Star","yes","merge","high","same city and category; Michelin name is inside the old name","merge"
"200","ve_b30b954460","Ristorante Il Centro","priocca","active","One Star","0","ve_c1ba01929e","Il Centro","priocca","One Star","yes","merge","high","same city and category; Michelin name is inside the old name","merge"
"201","ve_1cfec607b2","Ristorante Casa Leali","puegnago-sul-garda","active","One Star","0","ve_cc68a1f3b5","Casa Leali","puegnago-sul-garda","One Star","yes","merge","high","same city and category; Michelin name is inside the old name","merge"
"202","ve_79cfad3219","Fradis Minoris Ristorante","pula","active","One Star","2","ve_9e7ab4dcb6","Fradis Minoris","pula","One Star","yes","merge","high","same city and category; Michelin name is inside the old name","merge"
"203","ve_cac10fef31","Angelo Sabatelli ristorante","putignano","active","One Star","0","ve_e9c47885f4","Angelo Sabatelli","putignano","One Star","yes","merge","high","same city and category; Michelin name is inside the old name","merge"
"204","ve_6419c47e6e","Quarona","quarona","active","Bib Gourmand","0","ve_7d2ec43385","Italia","quarona","Bib Gourmand","yes","merge","medium","old name is only the town name (wrong Google match); Italia is the only Bib in Quarona",""
"205","ve_efe1077d6c","Duomo di Milano","ragusa","active","Two Stars","1","ve_ee365ac625","Duomo","ragusa","Two Stars","yes","merge","medium","old name Duomo di Milano is a wrong Google match (the venue is in Ragusa); Duomo is the only Two Stars candidate",""
"206","ve_50e0eccb61","Ristorante Locanda Don Serafino","ragusa","active","One Star","0","ve_d4a305a499","Locanda Don Serafino","ragusa","One Star","yes","merge","high","same city and category; Michelin name is inside the old name","merge"
"207","ve_05c6585158","Ristorante Veneziano","randazzo","active","Bib Gourmand","0","ve_da34f6a735","Veneziano","randazzo","Bib Gourmand","yes","merge","high","same city and category; Michelin name is inside the old name","merge"
"208","ve_5e16fb2fda","Ristorante Casa Bertini","recanati","active","One Star","0","ve_4dfdd6f6d6","Casa Bertini","recanati","One Star","yes","merge","high","same city and category; Michelin name is inside the old name","merge"
"209","ve_b4af74a490","Mezzolitro • vini e cucina Ristorante abruzzese","rho","active","Bib Gourmand","0","ve_c69b17715e","Mezzolitro Vini e Cucina","rho","Bib Gourmand","yes","merge","high","same city and category; Michelin name is inside the old name","merge"
"210","ve_85cea2a2ed","Ristorante Da Giocondo","rivisondoli","active","Bib Gourmand","0","ve_eb2c5a2e39","Da Giocondo","rivisondoli","Bib Gourmand","yes","merge","high","same city and category; Michelin name is inside the old name","merge"
"211","ve_c382d2556c","Ristorante La Trota","rivodutri","active","One Star","1","ve_6f8b1202d9","La Trota","rivodutri","One Star","yes","merge","high","same city and category; Michelin name is inside the old name","merge"
"212","ve_e362728f66","Achilli al Parlamento Ristorante Enoteca","rome","active","One Star","0","ve_47483380fa","Achilli al Parlamento","rome","One Star","yes","merge","high","same city and category; Michelin name is inside the old name","merge"
"213","ve_a948bc4940","Domenico","rome","active","Bib Gourmand","0","ve_e7fb43b6d7","Domenico dal 1968","rome","Bib Gourmand","yes","merge","high","same city and category; Michelin name is inside the old name","merge"
"214","ve_bbded4a224","INEO Restaurant","rome","active","One Star","0","ve_ed6a6bfff6","INEO","rome","One Star","yes","merge","high","same city and category; Michelin name is inside the old name","merge"
"215","ve_7d4cb01df3","Marco Martini Roma","rome","active","One Star","1","ve_7e7c0f8e32","Marco Martini Restaurant","rome","One Star","yes","merge","high","Marco Martini","merge"
"216","ve_8807b0044a","Pulejo ristorante","rome","active","One Star","0","ve_d675a9e1c4","Pulejo","rome","One Star","yes","merge","high","same city and category; Michelin name is inside the old name","merge"
"217","ve_39b6b13910","Zia Restaurant","rome","active","One Star","3","ve_2a710ab58b","Zia","rome","One Star","yes","merge","high","same city and category; Michelin name is inside the old name","merge"
"218","ve_ee78293255","Albergo Ristorante Nerina","romeno","active","Bib Gourmand","0","ve_209fdd1f07","Nerina","romeno","Bib Gourmand","yes","merge","high","same city and category; Michelin name is inside the old name","merge"
"219","ve_06e977bba4","U.P.E.P.I.D.D.E. Restaurant","ruvo-di-puglia","active","Bib Gourmand","0","ve_cad5f05561","Upepidde","ruvo-di-puglia","Bib Gourmand","yes","merge","high","same city and category; Michelin name is inside the old name","merge"
"220","ve_bd10beb673","Trattoria detta del Bruxaboschi","san-desiderio","active","Bib Gourmand","0","ve_a027377475","Bruxaboschi","san-desiderio","Bib Gourmand","yes","merge","high","same city and category; Michelin name is inside the old name","merge"
"221","ve_69b3721f29","Hotel & Gasthof zum Hirschen","san-genesio-atesino","active","Bib Gourmand","0","ve_91c617ef4b","Locanda al Cervo - zum Hirschen","san-genesio-atesino","Bib Gourmand","yes","merge","high","zum Hirschen = al Cervo","merge"
"222","ve_0297400ed5","LINFA Ristorante","san-gimignano","active","One Star","0","ve_b863067f06","Linfa","san-gimignano","One Star","yes","merge","high","same city and category; Michelin name is inside the old name","merge"
"223","ve_534965a1f9","Ristorante da Pode","san-gimignano","active","Bib Gourmand","0","ve_8e0fed5853","Da Pode","san-gimignano","Bib Gourmand","yes","merge","high","same city and category; Michelin name is inside the old name","merge"
"224","ve_c45ea7cf92","Trattoria Dalla Rosa Alda","san-giorgio-di-valpolicella","active","Bib Gourmand","0","ve_87aa915b46","Dalla Rosa Alda","san-giorgio-di-valpolicella","Bib Gourmand","yes","merge","high","same city and category; Michelin name is inside the old name","merge"
"225","ve_4c7f793fc9","Hyle Ristorante","san-giovanni-in-fiore","active","One Star","2","ve_eadf4a939e","Hyle","san-giovanni-in-fiore","One Star","yes","merge","high","same city and category; Michelin name is inside the old name","merge"
"226","ve_063f92c73f","Relais Chateaux Il Falconiere & Spa","san-martino","active","One Star","0","ve_944de1b55d","Il Falconiere","cortona","One Star","yes","merge","high","Il Falconiere. FLAG: old city is san-martino, Michelin town is cortona; the merge must keep the Michelin town",""
"227","ve_490ffd70da","Del Belbo Da Bardone Andrea e Bardone Gioacchino","san-marzano-oliveto","active","Bib Gourmand","0","ve_4d9a4e55e9","Del Belbo - Da Bardon","san-marzano-oliveto","Bib Gourmand","yes","merge","high","same city and category; Michelin name is inside the old name","merge"
"228","ve_f37345e87a","Gasthaus.Osteria Platzegg","san-michele","active","Bib Gourmand","0","ve_e49ee08841","Osteria Platzegg","san-michele","Bib Gourmand","yes","merge","high","same city and category; Michelin name is inside the old name","merge"
"229","ve_80de6f51f8","Ristorante La Cucoma","san-pancrazio","active","Bib Gourmand","0","ve_26bde38dca","La Cucoma","san-pancrazio","Bib Gourmand","yes","merge","high","same city and category; Michelin name is inside the old name","merge"
"230","ve_b666d59af0","Ristorante Il Fuoco Sacro","san-pantaleo","active","One Star","0","ve_0d77b889b4","Il Fuoco Sacro","san-pantaleo","One Star","yes","merge","high","same city and category; Michelin name is inside the old name","merge"
"231","ve_f4d38d0c08","Gambrinus","san-polo-di-piave","active","Bib Gourmand","0","ve_fe78421365","Osteria Borsò Gambrinus","san-polo-di-piave","Bib Gourmand","yes","merge","high","same city and category; Michelin name is inside the old name","merge"
"232","ve_a7de2e67a2","Ristorante Paolo e Barbara","san-remo","active","One Star","0","ve_eb838ee463","Paolo e Barbara","san-remo","One Star","yes","merge","high","same city and category; Michelin name is inside the old name","merge"
"233","ve_afc0d24e7c","GOURMET RESTAURANT “GUSTO BY SADLER”","san-teodoro","active","One Star","0","ve_3240f2710d","Gusto by Sadler","san-teodoro","One Star","yes","merge","high","same city and category; Michelin name is inside the old name","merge"
"234","ve_eef796a74d","Coxinendi - Ristorante","sanluri","active","Bib Gourmand","0","ve_c97e6d9b8d","Coxinendi","sanluri","Bib Gourmand","yes","merge","high","same city and category; Michelin name is inside the old name","merge"
"235","ve_92d175c0fa","Don Geppi Restaurant","sant-agnello","active","One Star","0","ve_a62c2c4a5e","Don Geppi","sant-agnello","One Star","yes","merge","high","same city and category; Michelin name is inside the old name","merge"
"236","ve_6bdb379ac2","Ristorante Laite","sappada","closed","One Star","0","ve_e445d40fee","Laite","sappada","One Star","yes","merge","high","same city and category; Michelin name is inside the old name. FLAG: old venue status is closed, but Michelin 2026 lists it",""
"237","ve_e925be4c07","Ristorante Antica Trattoria La Grotta dal 1918","sasso-marconi","active","Bib Gourmand","0","ve_77f7b52a72","Antica Trattoria la Grotta dal 1918","sasso-marconi","Bib Gourmand","yes","merge","high","same city and category; Michelin name is inside the old name","merge"
"238","ve_8f59f18824","Ristorante Alla Pace / Burtshaus Alla Pace","sauris","closed","Bib Gourmand","0","ve_e6dbed3c4e","Alla Pace","sauris","Bib Gourmand","yes","merge","high","same city and category; Michelin name is inside the old name. FLAG: old venue status is closed, but Michelin 2026 lists it",""
"239","ve_f7d05f75f2","Lokanda Devetak 1870","savogna-disonzo","active","Bib Gourmand","0","ve_51361bd502","Lokanda Devetak","savogna-disonzo","Bib Gourmand","yes","merge","high","same city and category; Michelin name is inside the old name","merge"
"240","ve_327829f814","Spinechile Resort","schio","active","One Star","0","ve_0a27e35453","Spinechile","schio","One Star","yes","merge","high","same city and category; Michelin name is inside the old name","merge"
"241","ve_74d392b2d5","Ristorante San Martino","scorze","active","One Star","0","ve_35c8d565e6","San Martino","scorze","One Star","yes","merge","high","same city and category; Michelin name is inside the old name","merge"
"242","ve_116f485d79","Alpenroyal Gourmet Restaurant","selva-di-val-gardena","active","One Star","0","ve_3e105d0c5f","Alpenroyal Gourmet","selva-di-val-gardena","One Star","yes","merge","high","same city and category; Michelin name is inside the old name","merge"
"243","ve_2b235ecba6","Trattoria Dalla Libera","sernaglia-della-battaglia","active","Bib Gourmand","0","ve_10c2901950","Dalla Libera","sernaglia-della-battaglia","Bib Gourmand","yes","merge","high","same city and category; Michelin name is inside the old name","merge"
"244","ve_35f4f358e9","Rezzano Restaurant","sestri-levante","active","One Star","0","ve_048afe2ee3","Rezzano Cucina e Vino","sestri-levante","One Star","yes","merge","high","Rezzano; only candidate","merge"
"245","ve_2eeefebb15","Ristorante Tancredi","sirmione","active","One Star","0","ve_7203635278","Tancredi","sirmione","One Star","yes","merge","high","same city and category; Michelin name is inside the old name","merge"
"246","ve_6471b2405c","Ristorante Lorelei","sorrento","active","One Star","0","ve_e7cc49646c","Lorelei","sorrento","One Star","yes","merge","high","same city and category; Michelin name is inside the old name","merge"
"247","ve_2d16aa2885","Marotta Ristorante","squille","active","One Star","3","ve_bbde6d166e","Marotta","squille","One Star","yes","merge","high","same city and category; Michelin name is inside the old name","merge"
"248","ve_92ec9577d1","Azienda Ceraudo e Ristorante Dattilo","strongoli","active","One Star","0","ve_fb335d87e4","Dattilo","strongoli","One Star","yes","merge","high","same city and category; Michelin name is inside the old name","merge"
"249","ve_57925568f8","Ristorante Clemente","sulmona","active","Bib Gourmand","0","ve_3c1d0edb92","Clemente","sulmona","Bib Gourmand","yes","merge","high","same city and category; Michelin name is inside the old name","merge"
"250","ve_ebd8725ffc","Otto Geleng Restaurant","taormina","active","One Star","0","ve_9860e73d1c","Otto Geleng","taormina","One Star","yes","merge","high","same city and category; Michelin name is inside the old name","merge"
"251","ve_59677ff7c9","St. George Restaurant by Heinz Beck","taormina","active","Two Stars","1","ve_215d38f159","St. George by Heinz Beck","taormina","Two Stars","yes","merge","high","St. George by Heinz Beck","merge"
"252","ve_d0916e1d60","Ristorante La Torre","tavarnelle-val-di-pesa","active","Bib Gourmand+One Star","0","ve_c0cb138ec8","La Torre","tavarnelle-val-di-pesa","One Star","yes","merge","high","same city and category; Michelin name is inside the old name. FLAG: old venue has two old rows (Bib Gourmand+One Star); only the One Star row retires after the merge",""
"253","ve_c6c61bfe4d","Via Fracia","teglio","active","Bib Gourmand","0","ve_aa7039a78b","Fracia","teglio","Bib Gourmand","yes","merge","medium","old name is a street address",""
"254","ve_41fc3a6a33","Oishi Japanese Kitchen","teramo","active","Bib Gourmand","0","ve_9617429319","Oishi","teramo","Bib Gourmand","yes","merge","medium","generic name; same town, same Bib",""
"255","ve_a6fe14ce91","Ristorante Tipico Luna Rossa","terranova-di-pollino","active","Bib Gourmand","0","ve_d20b22c5c2","Luna Rossa","terranova-di-pollino","Bib Gourmand","yes","merge","high","same city and category; Michelin name is inside the old name","merge"
"256","ve_d24fd531f5","Laqua Countryside","ticciano","active","One Star","0","ve_cedc4a2117","Cannavacciuolo Countryside","ticciano","One Star","yes","merge","medium","Laqua Countryside now carries the Cannavacciuolo name; only candidate",""
"257","ve_2de9526ede","Ristorante Albergo Ca' Vittoria s.a.s.","tigliole","active","One Star","0","ve_21281dfe7f","Ca' Vittoria","tigliole","One Star","yes","merge","high","same city and category; Michelin name is inside the old name","merge"
"258","ve_3f9f26077f","Li Somari Trattoria Fuori Porta","tivoli","active","Bib Gourmand","0","ve_2596ece7ba","Li Somari","tivoli","Bib Gourmand","yes","merge","high","same city and category; Michelin name is inside the old name","merge"
"259","ve_5831fed8e5","Ristorante Tilia","toblach","active","One Star","0","ve_f05b9e5141","Tilia","toblach","One Star","yes","merge","high","same city and category; Michelin name is inside the old name","merge"
"260","ve_6b94ccfff9","ELEMENTI FINE DINING","torgiano","active","One Star","0","ve_6027fd0a24","Elementi","torgiano","One Star","yes","merge","high","same city and category; Michelin name is inside the old name","merge"
"261","ve_6dd3d87434","Il Sereno Al Lago Restaurant","torno","active","One Star","0","ve_f216fb701f","Il Sereno Al Lago","torno","One Star","yes","merge","high","same city and category; Michelin name is inside the old name","merge"
"262","ve_c40380f4f4","Ristorante Villa Naj","torrazza-coste","active","One Star","0","ve_da77bb9bcf","Villa Naj","torrazza-coste","One Star","yes","merge","high","same city and category; Michelin name is inside the old name","merge"
"263","ve_e8c8e1eb8a","Casa Sgarra Ristorante","trani","active","One Star","0","ve_a7197bfee2","Casa Sgarra","trani","One Star","yes","merge","high","same city and category; Michelin name is inside the old name","merge"
"264","ve_dc29435117","Albergo Ristorante Miniere","traversella","active","Bib Gourmand","0","ve_ca31f11c54","Le Miniere","traversella","Bib Gourmand","yes","merge","high","(Le) Miniere; only candidate","merge"
"265","ve_c381dfbcef","Casolare dei Segreti Ristorante","treia","active","Bib Gourmand","0","ve_6f364f1f70","Il Casolare dei Segreti","treia","Bib Gourmand","yes","merge","high","Casolare dei Segreti","merge"
"266","ve_c6f66a3667","LoRo - Ristorante & Bistrò","trescore-balneario","active","One Star","0","ve_d1b2afd302","LoRo","trescore-balneario","One Star","yes","merge","high","same city and category; Michelin name is inside the old name","merge"
"267","ve_5b2f7a16b5","Trattoria Miculan","tricesimo","active","Bib Gourmand","0","ve_1f5871dd5e","Antica Trattoria da Miculan","tricesimo","Bib Gourmand","yes","merge","high","Trattoria (da) Miculan","merge"
"268","ve_b0e6e821e7","Cannavacciuolo Bistrot - Torino","turin","active","One Star","0","ve_3429fe4c40","Cannavacciuolo Bistrot","turin","One Star","yes","merge","high","same city and category; Michelin name is inside the old name","merge"
"269","ve_5aaf98b25e","Larossa","turin","active","One Star","0","ve_a55d27a6ec","Andrea Larossa","turin","One Star","yes","merge","high","same city and category; Michelin name is inside the old name","merge"
"270","ve_fd3422e849","Piano35 Ristorante","turin","active","One Star","0","ve_e5d82820b1","Piano35","turin","One Star","yes","merge","high","same city and category; Michelin name is inside the old name","merge"
"271","ve_c49d9955c8","Ristorante Consorzio","turin","active","Bib Gourmand","0","ve_9926dfb465","Consorzio","turin","Bib Gourmand","yes","merge","high","same city and category; Michelin name is inside the old name","merge"
"272","ve_391be98afc","Ristorante Del Cambio","turin","active","One Star","3","ve_6544317e29","Del Cambio","turin","One Star","yes","merge","high","same city and category; Michelin name is inside the old name","merge"
"273","ve_7d9891bc99","Scannabue","turin","active","Bib Gourmand","0","ve_386fb0ef13","Scannabue Caffè Restaurant","turin","Bib Gourmand","yes","merge","high","same city and category; Michelin name is inside the old name","merge"
"274","ve_02a314c977","Ristorante La Civetta","urbe","active","Bib Gourmand","0","ve_9038f00592","La Civetta","urbe","Bib Gourmand","yes","merge","high","same city and category; Michelin name is inside the old name","merge"
"275","ve_3487609f86","Ristorante La Chioccia D'Oro","vallo-della-lucania","active","Bib Gourmand","0","ve_c568819f84","La Chioccia d'Oro","vallo-della-lucania","Bib Gourmand","yes","merge","high","same city and category; Michelin name is inside the old name","merge"
"276","ve_f251e2e22d","Ristorante Buscone","varzi","active","Bib Gourmand","0","ve_aa7b1bd5dc","Buscone","varzi","Bib Gourmand","yes","merge","high","same city and category; Michelin name is inside the old name","merge"
"277","ve_482ef575ac","13 Comuni Ristorante e ApartHotel","velo-veronese","active","Bib Gourmand","0","ve_d049fe99d0","13 Comuni","velo-veronese","Bib Gourmand","yes","merge","high","same city and category; Michelin name is inside the old name","merge"
"278","ve_50189097fa","Dolce Stil Novo - Alfredo Russo","venaria-reale","active","One Star","0","ve_69180d2d51","Dolce Stil Novo alla Reggia","venaria-reale","One Star","yes","merge","high","Dolce Stil Novo","merge"
"279","ve_4c666fa1b6","Ristorante Glam","venice","active","Two Stars","4","ve_782861d4aa","Glam Enrico Bartolini","venice","Two Stars","yes","merge","high","Glam, Enrico Bartolini","merge"
"280","ve_389bbf3e46","Ristorante Local","venice","active","One Star","1","ve_ae5c3a3e14","Local","venice","One Star","yes","merge","high","same city and category; Michelin name is inside the old name","merge"
"281","ve_d81a71e966","Ristorante Quadri","venice","active","One Star","2","ve_6317483fef","Quadri","venice","One Star","yes","merge","high","same city and category; Michelin name is inside the old name","merge"
"282","ve_aeca65c37c","Ristorante Wistèria","venice","active","One Star","0","ve_0737b9ccc6","Wistèria","venice","One Star","yes","merge","high","same city and category; Michelin name is inside the old name","merge"
"283","ve_acdfd2daf5","Iris Ristorante a Palazzo Soave","verona","active","One Star","0","ve_11b775a307","Iris Ristorante","verona","One Star","yes","merge","high","same city and category; Michelin name is inside the old name","merge"
"284","ve_b24b1c1085","Ristorante Il Desco","verona","active","One Star","0","ve_f84e239729","Il Desco","verona","One Star","yes","merge","high","same city and category; Michelin name is inside the old name","merge"
"285","ve_e86a2043a5","Trattoria Al Bersagliere","verona","active","Bib Gourmand","0","ve_6528ab21c3","Al Bersagliere","verona","Bib Gourmand","yes","merge","high","same city and category; Michelin name is inside the old name","merge"
"286","ve_578ead2e2b","Trattoria Il Sogno","vetrego","active","Bib Gourmand","0","ve_08338f4a91","Il Sogno","vetrego","Bib Gourmand","yes","merge","high","same city and category; Michelin name is inside the old name","merge"
"287","ve_7442b66da8","Ristorante da Romano a Viareggio","viareggio","active","One Star","1","ve_25cdd11fb6","Romano","viareggio","One Star","yes","merge","high","same city and category; Michelin name is inside the old name","merge"
"288","ve_f457cb2e3d","Ristorante Lunasia","viareggio","active","One Star","0","ve_cc0fde132a","Lunasia","viareggio","One Star","yes","merge","high","same city and category; Michelin name is inside the old name","merge"
"289","ve_d531566119","Albergo Ristorante Edelweiss - Larespa","viceno","active","Bib Gourmand","0","ve_42c4388acc","Edelweiss","viceno","Bib Gourmand","yes","merge","high","same city and category; Michelin name is inside the old name","merge"
"290","ve_f7436783fd","Antica Osteria Nonna Rosa di Peppe Guida","vico-equense","active","One Star","0","ve_ab68846364","Antica Osteria Nonna Rosa","vico-equense","One Star","yes","merge","high","same city and category; Michelin name is inside the old name","merge"
"291","ve_8c5c4a68fe","Ristorante Romani","vicomero-di-torrile","active","Bib Gourmand","0","ve_2e684db862","Romani","vicomero-di-torrile","Bib Gourmand","yes","merge","high","same city and category; Michelin name is inside the old name","merge"
"292","ve_854646b476","Volta del Fuenti","vietri-sul-mare","active","One Star","0","ve_050524f985","Volta del Fuenti by Michele De Blasio","vietri-sul-mare","One Star","yes","merge","high","same city and category; Michelin name is inside the old name","merge"
"293","ve_47cf8e2c84","Ristorante I Castagni","vigevano","active","One Star","0","ve_f1f57fbb65","I Castagni","vigevano","One Star","yes","merge","high","same city and category; Michelin name is inside the old name","merge"
"294","ve_c763df6f85","Ristorante Rimulas","voghera","active","Bib Gourmand","0","ve_254ad8394d","Rimulas","voghera","Bib Gourmand","yes","merge","high","same city and category; Michelin name is inside the old name","merge"
"295","ve_5f65414b3a","Ristorante I Tenerumi","vulcanello","active","Two Stars","3","ve_3860471c98","I Tenerumi","vulcanello","Two Stars","yes","merge","high","same city and category; Michelin name is inside the old name","merge"
"296","ve_b50ed77a77","Ristorante Il Cappero","vulcanello","active","One Star","0","ve_6f7a35564e","Il Cappero","vulcanello","One Star","yes","merge","high","same city and category; Michelin name is inside the old name","merge"
"297","ve_df6d5db906","Octavin","arezzo","active","One Star","0","","","","","","no twin found","","no One Star candidate in Arezzo","keep"
"298","ve_44bac09421","Borgo Spoltino","mosciano-santangelo","closed","Bib Gourmand","0","","","","","","no twin found","","no Bib candidate in Mosciano Sant'Angelo","keep"
"299","ve_0d133af797","Trattoria Da Marino","serravalle-pistoiese","active","Bib Gourmand","0","","","","","","no twin found","","no Bib candidate in Serravalle Pistoiese","keep"
"300","ve_48fe5153e8","Ristorante Atman","vinci","active","One Star","1","","","","","","no twin found","","no One Star candidate in Vinci","keep"
"301","","","amalfi","","","","ve_14ce5d2000","Alici","amalfi","One Star","yes","new venue","","no old venue pairs with it: a new 2026 entry, or its twin has no legacy Michelin row","keep"
"302","","","annunziata","","","","ve_b5a5b44c26","La Torre One Fire","annunziata","Bib Gourmand","yes","new venue","","no old venue pairs with it: a new 2026 entry, or its twin has no legacy Michelin row","keep"
"303","","","bergamo","","","","ve_a2a6eebf81","Villa Elena","bergamo","Two Stars","no","new venue","","no old venue pairs with it: a new 2026 entry, or its twin has no legacy Michelin row","keep"
"304","","","cervere","","","","ve_74cd41b387","Antica Corona Reale","cervere","Two Stars","yes","new venue","","no old venue pairs with it: a new 2026 entry, or its twin has no legacy Michelin row","keep"
"305","","","forte-dei-marmi","","","","ve_aab551e951","Bistrot","forte-dei-marmi","One Star","yes","new venue","","no old venue pairs with it: a new 2026 entry, or its twin has no legacy Michelin row","keep"
"306","","","gabicce-monte","","","","ve_acf7e634fe","Dalla Gioconda","gabicce-monte","One Star","no","new venue","","no old venue pairs with it: a new 2026 entry, or its twin has no legacy Michelin row","keep"
"307","","","gargnano","","","","ve_ae9fe2766d","Villa Feltrinelli","gargnano","Two Stars","yes","new venue","","no old venue pairs with it: a new 2026 entry, or its twin has no legacy Michelin row","keep"
"308","","","guardiagrele","","","","ve_561ec4bc6f","Villa Maiella","guardiagrele","One Star","yes","new venue","","no old venue pairs with it: a new 2026 entry, or its twin has no legacy Michelin row","keep"
"309","","","longiano","","","","ve_40a461563b","Magnolia","longiano","Two Stars","yes","new venue","","no old venue pairs with it: a new 2026 entry, or its twin has no legacy Michelin row","keep"
"310","","","malfa-it","","","","ve_69b7b57435","Signum","malfa-it","One Star","yes","new venue","","no old venue pairs with it: a new 2026 entry, or its twin has no legacy Michelin row","keep"
"311","","","milan","","","","ve_ce02b752b9","Sadler","milan","One Star","yes","new venue","","no old venue pairs with it: a new 2026 entry, or its twin has no legacy Michelin row","keep"
"312","","","milano-marittima","","","","ve_9daa7d3da1","Osteria Bartolini","milano-marittima","Bib Gourmand","yes","new venue","","no old venue pairs with it: a new 2026 entry, or its twin has no legacy Michelin row","keep"
"313","","","olgiate-olona","","","","ve_cfe03c3b52","Acqua","olgiate-olona","One Star","yes","new venue","","no old venue pairs with it: a new 2026 entry, or its twin has no legacy Michelin row","keep"
"314","","","pralboino","","","","ve_5b5c4f827e","Leon d'Oro","pralboino","One Star","yes","new venue","","no old venue pairs with it: a new 2026 entry, or its twin has no legacy Michelin row","keep"
"315","","","puos-d-alpago","","","","ve_6aae3c8d64","Locanda San Lorenzo","puos-d-alpago","One Star","yes","new venue","","no old venue pairs with it: a new 2026 entry, or its twin has no legacy Michelin row","keep"
"316","","","rome","","","","ve_86f18a2ceb","All'Oro","rome","One Star","yes","new venue","","no old venue pairs with it: a new 2026 entry, or its twin has no legacy Michelin row","keep"
"317","","","rome","","","","ve_e8571e5e10","Aroma","rome","One Star","yes","new venue","","no old venue pairs with it: a new 2026 entry, or its twin has no legacy Michelin row","keep"
"318","","","rome","","","","ve_2d8dc88fb7","Enoteca La Torre","rome","Two Stars","no","new venue","","no old venue pairs with it: a new 2026 entry, or its twin has no legacy Michelin row","keep"
"319","","","rome","","","","ve_e072ed05f6","Orma Roma","rome","One Star","no","new venue","","no old venue pairs with it: a new 2026 entry, or its twin has no legacy Michelin row","keep"
"320","","","rome","","","","ve_ca50107d68","PiperoRoma","rome","One Star","no","new venue","","no old venue pairs with it: a new 2026 entry, or its twin has no legacy Michelin row","keep"
"321","","","sant-anna","","","","ve_aae6903bf0","La Pineta","sant-anna","Bib Gourmand","yes","new venue","","no old venue pairs with it: a new 2026 entry, or its twin has no legacy Michelin row","keep"
"322","","","sant-omero","","","","ve_fd739bff8d","Zunica 1880 a Villa Corallo","sant-omero","One Star","yes","new venue","","no old venue pairs with it: a new 2026 entry, or its twin has no legacy Michelin row","keep"
"323","","","santo-stefano-belbo","","","","ve_7c469c8c9d","Il Ristorante di Guido da Costigliole","santo-stefano-belbo","One Star","yes","new venue","","no old venue pairs with it: a new 2026 entry, or its twin has no legacy Michelin row","keep"
"324","","","turin","","","","ve_3d1cda8ab7","Condividere","turin","One Star","yes","new venue","","no old venue pairs with it: a new 2026 entry, or its twin has no legacy Michelin row","keep"
"325","","","vallesaccarda","","","","ve_d32edd43d0","Oasis - Sapori Antichi","vallesaccarda","One Star","yes","new venue","","no old venue pairs with it: a new 2026 entry, or its twin has no legacy Michelin row","keep"
"326","","","vernante","","","","ve_85020a53ff","Nazionale","vernante","One Star","yes","new venue","","no old venue pairs with it: a new 2026 entry, or its twin has no legacy Michelin row","keep"
