venue_id,reason,name_now,michelin_prints,michelin_card_url,venue_website_url,decision
ve_0500893ff4,spaced dash - ruling 2 check not possible,Villa Mirasol,Villa Mirasol - Bistrot 1912,https://guide.michelin.com/en/nouvelle-aquitaine/mont-de-marsan/restaurant/villa-mirasol-bistrot-1912,,
ve_12e5bf15ad,spaced dash - ruling 2 check not possible,Restaurant Le Pré,Le Pré - Xavier Beaudiment,https://guide.michelin.com/en/auvergne-rhone-alpes/clermont-ferrand/restaurant/le-pre-xavier-beaudiment,,
ve_2bd91023d9,spaced dash - ruling 2 check not possible,L'Atelier de Joël Robuchon Étoile,L'Atelier de Joël Robuchon - Étoile,https://guide.michelin.com/en/ile-de-france/paris/restaurant/l-atelier-de-joel-robuchon-etoile,,
ve_30501b82cb,spaced dash - ruling 2 check not possible,Restaurant Nicolas Carro,Nicolas Carro - Hôtel de Carantec,https://guide.michelin.com/en/bretagne/carantec/restaurant/nicolas-carro,,
ve_3a24173df2,spaced dash - ruling 2 check not possible,Fresques,Les Fresques - Hôtel Royal,https://guide.michelin.com/en/auvergne-rhone-alpes/evian-les-bains/restaurant/les-fresques400460,,
ve_4dd54878f0,spaced dash - ruling 2 check not possible,Maison vidal,Maison Vidal - Le Bistrot de Justin,https://guide.michelin.com/en/auvergne-rhone-alpes/saint-julien-chapteuil/restaurant/maison-vidal-le-bistrot-de-justin,,
ve_4e77c0295c,spaced dash - ruling 2 check not possible,L’Auberge De Saint-Rémy,L'Auberge de Saint-Rémy - Fanny Rey & Jonathan Wahid,https://guide.michelin.com/en/provence-alpes-cote-dazur/saint-rmy-de-provence/restaurant/l-auberge-de-saint-remy-fanny-rey-and-jonathan-wahid,,
ve_500702a2cd,spaced dash - ruling 2 check not possible,La Vague d'Or,La Vague d'Or - Cheval Blanc St-Tropez,https://guide.michelin.com/en/provence-alpes-cote-dazur/saint-tropez/restaurant/la-vague-d-or-cheval-blanc-st-tropez,,
ve_52ded554a8,spaced dash - ruling 2 check not possible,Ryoko - Comptoir à Ramen,Ryoko - Comptoir à ramen,https://guide.michelin.com/en/bretagne/vannes/restaurant/ryoko,,
ve_54db80a526,spaced dash - ruling 2 check not possible,La Table By Mi - K'L,La Table By Mi-K'L,https://guide.michelin.com/en/pays-de-la-loire/saumur/restaurant/la-table-by-mi-k-l,,
ve_6461b9da4d,spaced dash - ruling 2 check not possible,Kodawari Ramen (Yokochō),Kodawari Ramen - Yokochō,https://guide.michelin.com/en/ile-de-france/paris/restaurant/kodawari-ramen,,
ve_6b022b029a,spaced dash - ruling 2 check not possible,Le Restaurant des Rois,Le Restaurant des Rois - La Réserve de Beaulieu,https://guide.michelin.com/en/provence-alpes-cote-dazur/beaulieu-sur-mer/restaurant/restaurant-des-rois,,
ve_74b0053f51,spaced dash - ruling 2 check not possible,Le Feuillée,Le Feuillée - Le Couvent des Minimes,https://guide.michelin.com/en/provence-alpes-cote-dazur/mane/restaurant/le-feuillee-le-couvent-des-minimes,,
ve_754eff4295,spaced dash - ruling 2 check not possible,"Alice, le bistrot","Alice, le bistrot - Manoir de la Mortière",https://guide.michelin.com/en/pays-de-la-loire/les-sables-d-olonne/restaurant/alice-le-bistrot-le-manoir-de-la-mortiere,,
ve_803026b38a,native-script name would be lost,Impérial Choisy 美丽都,Impérial Choisy,https://guide.michelin.com/en/ile-de-france/paris/restaurant/imperial-choisy,,
ve_82af616d87,spaced dash - ruling 2 check not possible,Le Restaurant Téjérina,Téjérina - Hôtel de la Place,https://guide.michelin.com/en/auvergne-rhone-alpes/polliat/restaurant/tejerina-hotel-de-la-place,,
ve_8a8e59f190,spaced dash - ruling 2 check not possible,La Voile,La Voile - La Réserve Ramatuelle,https://guide.michelin.com/en/provence-alpes-cote-dazur/ramatuelle/restaurant/la-voile,,
ve_8dccaaf452,spaced dash - ruling 2 check not possible,Le Pavillon,Le Pavillon - Hôtel Westminster,https://guide.michelin.com/en/hauts-de-france/le-touquet-paris-plage/restaurant/le-pavillon9000,,
ve_9c2e7e5cf0,spaced dash - ruling 2 check not possible,Bellefeuille,Bellefeuille - Saint James Paris,https://guide.michelin.com/en/ile-de-france/paris/restaurant/bellefeuille-saint-james-paris,,
ve_a0adf5e745,spaced dash - ruling 2 check not possible,Restaurant Le Cin5,Le Cin5 - Au Cœur du Village,https://guide.michelin.com/en/auvergne-rhone-alpes/la-clusaz/restaurant/le-cinq,,
ve_b4a6a34762,spaced dash - ruling 2 check not possible,Chez Yvonne,Chez Yvonne - S'Burjerstuewel,https://guide.michelin.com/en/grand-est/strasbourg/restaurant/chez-yvonne-s-burjerstuewel,,
ve_bbccd34af8,spaced dash - ruling 2 check not possible,Table Bruno Verjus,Table - Bruno Verjus,https://guide.michelin.com/en/ile-de-france/paris/restaurant/table-bruno-verjus,,
ve_c09c6dfd4d,spaced dash - ruling 2 check not possible,Restaurant Christophe Hay,Christophe Hay - Fleur de Loire,https://guide.michelin.com/en/centre-val-de-loire/blois/restaurant/christophe-hay-fleur-de-loire,,
ve_c2aeca7793,spaced dash - ruling 2 check not possible,Plénitude,Plénitude - Cheval Blanc Paris,https://guide.michelin.com/en/ile-de-france/paris/restaurant/plenitude-cheval-blanc-paris,,
ve_d61dd48136,spaced dash - ruling 2 check not possible,Le Art,Le Art - Château de la Gaude,https://guide.michelin.com/en/provence-alpes-cote-dazur/aix-en-provence/restaurant/le-art-chateau-de-la-gaude,,
ve_d89d0b6d74,spaced dash - ruling 2 check not possible,JU-Maison de Cuisine,JU - Maison de Cuisine,https://guide.michelin.com/en/provence-alpes-cote-dazur/bonnieux/restaurant/ju-maison-de-cuisine,,
ve_ea838a498e,spaced dash - ruling 2 check not possible,Restaurant Le Gabriel,Le Gabriel - La Réserve Paris,https://guide.michelin.com/en/ile-de-france/paris/restaurant/le-gabriel476630,,
ve_ec51bda29b,spaced dash - ruling 2 check not possible,Le 1862,Le 1862 - Les Glycines,https://guide.michelin.com/en/nouvelle-aquitaine/les-eyzies-de-tayac/restaurant/le-1862,,
ve_f8977eb5ab,spaced dash - ruling 2 check not possible,AU LION D'OR,Au Lion d'Or - Chez Théo,https://guide.michelin.com/en/grand-est/rosenau/restaurant/au-lion-d-or-chez-theo,,
