batch_key,source_id,year,rank,category,distinction,source_url,venue_name,city_label,country_label,venue_category,venue_status,price_symbol_raw,note,michelin_guide,name_native_michelin
michelin-2026-chengdu,michelin,2026,,Two Stars,,https://web.archive.org/web/20250906145514id_/https://guide.michelin.com/us/en/chengdu-municipality/chengdu/restaurant/xin-rong-ji-1207940,Xin Rong Ji,Chengdu,China,restaurant,,¥¥¥¥,archive capture 20250906145514,chengdu-2026,
michelin-2026-chengdu,michelin,2026,,One Star,,https://web.archive.org/web/20251014142919id_/https://guide.michelin.com/us/en/chengdu-municipality/chengdu/restaurant/hokkien-cuisine,Hokkien Cuisine,Chengdu,China,restaurant,,¥¥¥,archive capture 20251014142919,chengdu-2026,
michelin-2026-chengdu,michelin,2026,,One Star,,https://web.archive.org/web/20250903155613id_/https://guide.michelin.com/us/en/chengdu-municipality/chengdu/restaurant/ma-s-kitchen,Ma's Kitchen (Jinjiang),Chengdu,China,restaurant,,¥¥,archive capture 20250903155613,chengdu-2026,
michelin-2026-chengdu,michelin,2026,,Bib Gourmand,,https://web.archive.org/web/20250905043720id_/https://guide.michelin.com/en/chengdu-municipality/chengdu/restaurant/cuo-xia,Cuo Xia,Chengdu,China,restaurant,,¥¥,archive capture 20250905043720,chengdu-2026,
michelin-2026-chengdu,michelin,2026,,Bib Gourmand,,https://web.archive.org/web/20250918143854id_/https://guide.michelin.com/en/chengdu-municipality/chengdu/restaurant/dumpling-drinks,Dumpling & Drinks (Lancao Road),Chengdu,China,restaurant,,¥,archive capture 20250918143854,chengdu-2026,
michelin-2026-chengdu,michelin,2026,,Bib Gourmand,,https://web.archive.org/web/20250905062938id_/https://guide.michelin.com/en/chengdu-municipality/chengdu/restaurant/guan-jin-wuhou,Guan Jin (Chenghan South Road),Chengdu,China,restaurant,,¥¥,archive capture 20250905062938,chengdu-2026,
michelin-2026-chengdu,michelin,2026,,Bib Gourmand,,https://web.archive.org/web/20250903092640id_/https://guide.michelin.com/en/chengdu-municipality/chengdu/restaurant/hu-er-ge-yao-shan-ti-hua,Hu Er Ge Yao Shan Ti Hua,Chengdu,China,restaurant,,¥,archive capture 20250903092640,chengdu-2026,
michelin-2026-chengdu,michelin,2026,,Bib Gourmand,,https://web.archive.org/web/20250907144239id_/https://guide.michelin.com/en/chengdu-municipality/chengdu/restaurant/mosnack,Mosnack,Chengdu,China,restaurant,,¥,archive capture 20250907144239,chengdu-2026,
michelin-2026-chengdu,michelin,2026,,Bib Gourmand,,https://web.archive.org/web/20250904203139id_/https://guide.michelin.com/en/chengdu-municipality/chengdu/restaurant/organization-south,Organization South,Chengdu,China,restaurant,,¥¥,archive capture 20250904203139,chengdu-2026,
michelin-2026-chengdu,michelin,2026,,Bib Gourmand,,https://web.archive.org/web/20250903085400id_/https://guide.michelin.com/en/chengdu-municipality/chengdu/restaurant/the-woo-s,The Woo's (Jinjiang),Chengdu,China,restaurant,,¥¥,archive capture 20250903085400,chengdu-2026,
michelin-2026-chengdu,michelin,2026,,Bib Gourmand,,https://web.archive.org/web/20250905223723id_/https://guide.michelin.com/us/en/chengdu-municipality/chengdu/restaurant/ting-yuan-399,Ting Yuan 399 (Jinjiang),Chengdu,China,restaurant,,¥¥,archive capture 20250905223723,chengdu-2026,
michelin-2026-chengdu,michelin,2026,,Bib Gourmand,,https://web.archive.org/web/20250911003944id_/https://guide.michelin.com/en/chengdu-municipality/chengdu/restaurant/wan-san-mian-guan-jinjiang,Wan San Mian Guan (Qinglongzheng Street),Chengdu,China,restaurant,,¥,archive capture 20250911003944,chengdu-2026,
michelin-2026-chengdu,michelin,2026,,Bib Gourmand,,https://web.archive.org/web/20250903040814id_/https://guide.michelin.com/en/chengdu-municipality/chengdu/restaurant/yao-guai-mian,Yao Guai Mian,Chengdu,China,restaurant,,¥,archive capture 20250903040814,chengdu-2026,
michelin-2026-chengdu,michelin,2026,,Bib Gourmand,,https://web.archive.org/web/20250904212434id_/https://guide.michelin.com/us/en/chengdu-municipality/chengdu/restaurant/zhu-ji-zhi-mian-pu,Zhu Ji Zhi Mian Pu (Jinjiang),Chengdu,China,restaurant,,¥,archive capture 20250904212434,chengdu-2026,
michelin-2026-chengdu,michelin,2026,,Bib Gourmand,,https://web.archive.org/web/20250907034330id_/https://guide.michelin.com/en/chengdu-municipality/chengdu/restaurant/zhuan-zhuan-hui-lianhua-south-road,Zhuan Zhuan Hui (Lianhua South Road),Chengdu,China,restaurant,,¥¥,archive capture 20250907034330,chengdu-2026,
