batch_key,source_id,year,rank,category,distinction,source_url,venue_name,city_label,country_label,venue_category,venue_status,price_symbol_raw,note,michelin_guide,venue_name_nl,city_label_nl,venue_name_fr,city_label_fr
michelin-2026-belgium-luxembourg,michelin,2026,,Three Stars,,https://guide.michelin.com/us/en/antwerpen/be-antwerpen/restaurant/t-zilte,Zilte,Antwerpen,Belgium,restaurant,,€€€€,,belgium-2026,Zilte,Antwerpen,Zilte,Antwerpen
michelin-2026-belgium-luxembourg,michelin,2026,,Three Stars,,https://guide.michelin.com/us/en/west-vlaanderen/roeselare/restaurant/boury,Boury,Roeselare,Belgium,restaurant,,€€€€,,belgium-2026,Boury,Roeselare,Boury,Roeselare
michelin-2026-belgium-luxembourg,michelin,2026,,Two Stars,,https://guide.michelin.com/us/en/antwerpen/be-antwerpen/restaurant/hertog-jan-at-botanic,Hertog Jan at Botanic,Antwerpen,Belgium,restaurant,,€€€€,,belgium-2026,Hertog Jan at Botanic,Antwerpen,Hertog Jan at Botanic,Antwerpen
michelin-2026-belgium-luxembourg,michelin,2026,,Two Stars,,https://guide.michelin.com/us/en/antwerpen/be-antwerpen/restaurant/the-jane-1244485,The Jane,Antwerpen,Belgium,restaurant,,€€€€,,belgium-2026,The Jane,Antwerpen,The Jane,Antwerpen
michelin-2026-belgium-luxembourg,michelin,2026,,Two Stars,,https://guide.michelin.com/us/en/namur/arbre/restaurant/l-eau-vive,L'Eau Vive,Arbre,Belgium,restaurant,,€€€€,,belgium-2026,L'Eau Vive,Arbre,L'Eau Vive,Arbre
michelin-2026-belgium-luxembourg,michelin,2026,,Two Stars,,https://guide.michelin.com/us/en/hainaut/baudour/restaurant/d-eugenie-a-emilie,d'Eugénie à Emilie,Baudour,Belgium,restaurant,,€€€€,,belgium-2026,d'Eugénie à Emilie,Baudour,d'Eugénie à Emilie,Baudour
michelin-2026-belgium-luxembourg,michelin,2026,,Two Stars,,https://guide.michelin.com/us/en/west-vlaanderen/beveren-leie/restaurant/castor,Castor,Beveren-Leie,Belgium,restaurant,,€€€€,,belgium-2026,Castor,Beveren-Leie,Castor,Beveren-Leie
michelin-2026-belgium-luxembourg,michelin,2026,,Two Stars,,https://guide.michelin.com/us/en/bruxelles-capitale/bruxelles/restaurant/bozar-restaurant,Bozar Restaurant,Brussels,Belgium,restaurant,,€€€€,,belgium-2026,Bozar Restaurant,Bruxelles,Bozar Restaurant,Bruxelles
michelin-2026-belgium-luxembourg,michelin,2026,,Two Stars,,https://guide.michelin.com/us/en/antwerpen/duffel/restaurant/nuance,Nuance,Duffel,Belgium,restaurant,,€€€€,,belgium-2026,Nuance,Duffel,Nuance,Duffel
michelin-2026-belgium-luxembourg,michelin,2026,,Two Stars,,https://guide.michelin.com/us/en/oost-vlaanderen/gent/restaurant/vrijmoed,Vrijmoed,Gent,Belgium,restaurant,,€€€€,,belgium-2026,Vrijmoed,Gent,Vrijmoed,Gent
michelin-2026-belgium-luxembourg,michelin,2026,,Two Stars,,https://guide.michelin.com/us/en/west-vlaanderen/heist/restaurant/bartholomeus,Bartholomeus,Heist,Belgium,restaurant,,€€€€,,belgium-2026,Bartholomeus,Heist,Bartholomeus,Heist
michelin-2026-belgium-luxembourg,michelin,2026,,Two Stars,,https://guide.michelin.com/us/en/west-vlaanderen/knokke/restaurant/cuines-33,Cuines 33,Knokke,Belgium,restaurant,,€€€€,,belgium-2026,Cuines 33,Knokke,Cuines 33,Knokke
michelin-2026-belgium-luxembourg,michelin,2026,,Two Stars,,https://guide.michelin.com/us/en/oost-vlaanderen/kruishoutem/restaurant/hof-van-cleve,Hof van Cleve - Floris Van Der Veken,Kruishoutem,Belgium,restaurant,,€€€€,,belgium-2026,Hof van Cleve - Floris Van Der Veken,Kruishoutem,Hof van Cleve - Floris Van Der Veken,Kruishoutem
michelin-2026-belgium-luxembourg,michelin,2026,,Two Stars,,https://guide.michelin.com/us/en/namur/liernu/restaurant/l-air-du-temps371956,L'air du temps,Liernu,Belgium,restaurant,,€€€€,,belgium-2026,L'air du temps,Liernu,L'air du temps,Liernu
michelin-2026-belgium-luxembourg,michelin,2026,,Two Stars,,https://guide.michelin.com/us/en/be-limburg/lommel/restaurant/cuchara,Cuchara,Lommel,Belgium,restaurant,,€€€€,,belgium-2026,Cuchara,Lommel,Cuchara,Lommel
michelin-2026-belgium-luxembourg,michelin,2026,,Two Stars,,https://guide.michelin.com/us/en/be-limburg/opglabbeek/restaurant/slagmolen,Slagmolen,Opglabbeek,Belgium,restaurant,,€€€€,,belgium-2026,Slagmolen,Opglabbeek,Slagmolen,Opglabbeek
michelin-2026-belgium-luxembourg,michelin,2026,,Two Stars,,https://guide.michelin.com/us/en/be-luxembourg/our/restaurant/la-table-de-maxime,La Table de Maxime,Our,Belgium,restaurant,,€€€€,,belgium-2026,La Table de Maxime,Our,La Table de Maxime,Our
michelin-2026-belgium-luxembourg,michelin,2026,,Two Stars,,https://guide.michelin.com/us/en/west-vlaanderen/sint-kruis/restaurant/de-jonkman,De Jonkman,Sint-Kruis,Belgium,restaurant,,€€€€,,belgium-2026,De Jonkman,Sint-Kruis,De Jonkman,Sint-Kruis
michelin-2026-belgium-luxembourg,michelin,2026,,Two Stars,,https://guide.michelin.com/us/en/vlaams-brabant/sint-kwintens-lennik/restaurant/sir-kwinten,Sir Kwinten,Sint-Kwintens-Lennik,Belgium,restaurant,,€€€€,,belgium-2026,Sir Kwinten,Sint-Kwintens-Lennik,Sir Kwinten,Sint-Kwintens-Lennik
michelin-2026-belgium-luxembourg,michelin,2026,,Two Stars,,https://guide.michelin.com/us/en/antwerpen/tongerlo_1063046/restaurant/maison-colette,Maison Colette,Tongerlo,Belgium,restaurant,,€€€€,,belgium-2026,Maison Colette,Tongerlo,Maison Colette,Tongerlo
michelin-2026-belgium-luxembourg,michelin,2026,,Two Stars,,https://guide.michelin.com/us/en/bruxelles-capitale/uccle/restaurant/le-chalet-de-la-foret,Le Chalet de la Forêt,Uccle,Belgium,restaurant,,€€€€,,belgium-2026,Le Chalet de la Forêt,Uccle,Le Chalet de la Forêt,Uccle
michelin-2026-belgium-luxembourg,michelin,2026,,One Star,,https://guide.michelin.com/us/en/oost-vlaanderen/aalst/restaurant/kelderman,Kelderman,Aalst,Belgium,restaurant,,€€€€,,belgium-2026,Kelderman,Aalst,Kelderman,Aalst
michelin-2026-belgium-luxembourg,michelin,2026,,One Star,,https://guide.michelin.com/us/en/antwerpen/be-antwerpen/restaurant/t-fornuis,'t Fornuis,Antwerpen,Belgium,restaurant,,€€€€,,belgium-2026,'t Fornuis,Antwerpen,'t Fornuis,Antwerpen
michelin-2026-belgium-luxembourg,michelin,2026,,One Star,,https://guide.michelin.com/us/en/antwerpen/be-antwerpen/restaurant/bistrot-du-nord,Bistrot du Nord,Antwerpen,Belgium,restaurant,,€€€,,belgium-2026,Bistrot du Nord,Antwerpen,Bistrot du Nord,Antwerpen
michelin-2026-belgium-luxembourg,michelin,2026,,One Star,,https://guide.michelin.com/us/en/antwerpen/be-antwerpen/restaurant/fine-fleur,Fine Fleur,Antwerpen,Belgium,restaurant,,€€€€,,belgium-2026,Fine Fleur,Antwerpen,Fine Fleur,Antwerpen
michelin-2026-belgium-luxembourg,michelin,2026,,One Star,,https://guide.michelin.com/us/en/antwerpen/be-antwerpen/restaurant/misera,Misera,Antwerpen,Belgium,restaurant,,€€€€,,belgium-2026,Misera,Antwerpen,Misera,Antwerpen
michelin-2026-belgium-luxembourg,michelin,2026,,One Star,,https://guide.michelin.com/us/en/antwerpen/be-antwerpen/restaurant/nathan,Nathan,Antwerpen,Belgium,restaurant,,€€€€,,belgium-2026,Nathan,Antwerpen,Nathan,Antwerpen
michelin-2026-belgium-luxembourg,michelin,2026,,One Star,,https://guide.michelin.com/us/en/antwerpen/be-antwerpen/restaurant/nebo-1197020,Nebo,Antwerpen,Belgium,restaurant,,€€€€,,belgium-2026,Nebo,Antwerpen,Nebo,Antwerpen
michelin-2026-belgium-luxembourg,michelin,2026,,One Star,,https://guide.michelin.com/us/en/antwerpen/be-antwerpen/restaurant/pont-neuf,Pont-Neuf,Antwerpen,Belgium,restaurant,,€€€,,belgium-2026,Pont-Neuf,Antwerpen,Pont-Neuf,Antwerpen
michelin-2026-belgium-luxembourg,michelin,2026,,One Star,,https://guide.michelin.com/us/en/antwerpen/be-antwerpen/restaurant/the-butcher-s-son,The Butcher's son,Antwerpen,Belgium,restaurant,,€€€,,belgium-2026,The Butcher's son,Antwerpen,The Butcher's son,Antwerpen
michelin-2026-belgium-luxembourg,michelin,2026,,One Star,,https://guide.michelin.com/us/en/be-luxembourg/arlon/restaurant/la-grappe-d-or-1203424,La Grappe d'Or,Arlon,Belgium,restaurant,,€€€,,belgium-2026,La Grappe d'Or,Arlon,La Grappe d'Or,Arlon
michelin-2026-belgium-luxembourg,michelin,2026,,One Star,,https://guide.michelin.com/us/en/oost-vlaanderen/bazel/restaurant/hofke-van-bazel,Hofke van Bazel,Bazel,Belgium,restaurant,,€€€€,,belgium-2026,Hofke van Bazel,Bazel,Hofke van Bazel,Bazel
michelin-2026-belgium-luxembourg,michelin,2026,,One Star,,https://guide.michelin.com/us/en/namur/beuzet/restaurant/chai-gourmand,Chai Gourmand,Beuzet,Belgium,restaurant,,€€€,,belgium-2026,Chai Gourmand,Beuzet,Chai Gourmand,Beuzet
michelin-2026-belgium-luxembourg,michelin,2026,,One Star,,https://guide.michelin.com/us/en/hainaut/blaregnies/restaurant/les-gourmands,Les Gourmands,Blaregnies,Belgium,restaurant,,€€€,,belgium-2026,Les Gourmands,Blaregnies,Les Gourmands,Blaregnies
michelin-2026-belgium-luxembourg,michelin,2026,,One Star,,https://guide.michelin.com/us/en/antwerpen/borgerhout/restaurant/bloesem,Bloesem,Borgerhout,Belgium,restaurant,,€€€€,,belgium-2026,Bloesem,Borgerhout,Bloesem,Borgerhout
michelin-2026-belgium-luxembourg,michelin,2026,,One Star,,https://guide.michelin.com/us/en/namur/bouge/restaurant/pre-de-chez-vous,Pré de chez vous,Bouge,Belgium,restaurant,,€€€,,belgium-2026,Pré de chez vous,Bouge,Pré de chez vous,Bouge
michelin-2026-belgium-luxembourg,michelin,2026,,One Star,,https://guide.michelin.com/us/en/brabant-wallon/braine-l-alleud/restaurant/maison-marit,Maison Marit,Braine-l'Alleud,Belgium,restaurant,,€€€,,belgium-2026,Maison Marit,Braine-l'Alleud,Maison Marit,Braine-l'Alleud
michelin-2026-belgium-luxembourg,michelin,2026,,One Star,,https://guide.michelin.com/us/en/brabant-wallon/braine-l-alleud/restaurant/philippe-meyers,Philippe Meyers,Braine-l'Alleud,Belgium,restaurant,,€€€,,belgium-2026,Philippe Meyers,Braine-l'Alleud,Philippe Meyers,Braine-l'Alleud
michelin-2026-belgium-luxembourg,michelin,2026,,One Star,,https://guide.michelin.com/us/en/brabant-wallon/braine-le-chteau/restaurant/bistro-racine,Bistro Racine,Braine-le-Château,Belgium,restaurant,,€€€,,belgium-2026,Bistro Racine,Braine-le-Château,Bistro Racine,Braine-le-Château
michelin-2026-belgium-luxembourg,michelin,2026,,One Star,,https://guide.michelin.com/us/en/west-vlaanderen/brugge/restaurant/sans-cravate,Sans Cravate,Brugge,Belgium,restaurant,,€€€€,,belgium-2026,Sans Cravate,Brugge,Sans Cravate,Brugge
michelin-2026-belgium-luxembourg,michelin,2026,,One Star,,https://guide.michelin.com/us/en/west-vlaanderen/brugge/restaurant/zet-joe-by-geert-van-hecke,Zet'Joe by Geert Van Hecke,Brugge,Belgium,restaurant,,€€€€,,belgium-2026,Zet'Joe by Geert Van Hecke,Brugge,Zet'Joe by Geert Van Hecke,Brugge
michelin-2026-belgium-luxembourg,michelin,2026,,One Star,,https://guide.michelin.com/us/en/bruxelles-capitale/bruxelles/restaurant/barge,Barge,Brussels,Belgium,restaurant,,€€€,,belgium-2026,Barge,Bruxelles,Barge,Bruxelles
michelin-2026-belgium-luxembourg,michelin,2026,,One Star,,https://guide.michelin.com/us/en/bruxelles-capitale/bruxelles/restaurant/comme-chez-soi113872,Comme chez Soi,Brussels,Belgium,restaurant,,€€€€,,belgium-2026,Comme chez Soi,Bruxelles,Comme chez Soi,Bruxelles
michelin-2026-belgium-luxembourg,michelin,2026,,One Star,,https://guide.michelin.com/us/en/bruxelles-capitale/bruxelles/restaurant/eliane,Eliane,Brussels,Belgium,restaurant,,€€€€,,belgium-2026,Eliane,Bruxelles,Eliane,Bruxelles
michelin-2026-belgium-luxembourg,michelin,2026,,One Star,,https://guide.michelin.com/us/en/bruxelles-capitale/bruxelles/restaurant/la-villa-in-the-sky,La Villa in the Sky,Brussels,Belgium,restaurant,,€€€€,,belgium-2026,La Villa in the Sky,Bruxelles,La Villa in the Sky,Bruxelles
michelin-2026-belgium-luxembourg,michelin,2026,,One Star,,https://guide.michelin.com/us/en/liege/comblain-au-pont/restaurant/un-max-de-gout,Un Max de Goût,Comblain-au-Pont,Belgium,restaurant,,€€€,,belgium-2026,Un Max de Goût,Comblain-au-Pont,Un Max de Goût,Comblain-au-Pont
michelin-2026-belgium-luxembourg,michelin,2026,,One Star,,https://guide.michelin.com/us/en/west-vlaanderen/damme/restaurant/de-zuidkant,De Zuidkant,Damme,Belgium,restaurant,,€€€,,belgium-2026,De Zuidkant,Damme,De Zuidkant,Damme
michelin-2026-belgium-luxembourg,michelin,2026,,One Star,,https://guide.michelin.com/us/en/namur/dave_1063818/restaurant/le-beau-rivage-by-curtis,Le Beau Rivage by Curtis,Dave,Belgium,restaurant,,€€€,,belgium-2026,Le Beau Rivage by Curtis,Dave,Le Beau Rivage by Curtis,Dave
michelin-2026-belgium-luxembourg,michelin,2026,,One Star,,https://guide.michelin.com/us/en/west-vlaanderen/de-panne/restaurant/subtiel,Subtiel,De Panne,Belgium,restaurant,,€€€€,,belgium-2026,Subtiel,De Panne,Subtiel,La Panne
michelin-2026-belgium-luxembourg,michelin,2026,,One Star,,https://guide.michelin.com/us/en/be-limburg/dilsen/restaurant/hostellerie-vivendum,Hostellerie Vivendum,Dilsen,Belgium,restaurant,,€€€,,belgium-2026,Hostellerie Vivendum,Dilsen,Hostellerie Vivendum,Dilsen
michelin-2026-belgium-luxembourg,michelin,2026,,One Star,,https://guide.michelin.com/us/en/be-luxembourg/durbuy/restaurant/le-grand-verre,Le Grand Verre,Durbuy,Belgium,restaurant,,€€€€,,belgium-2026,Le Grand Verre,Durbuy,Le Grand Verre,Durbuy
michelin-2026-belgium-luxembourg,michelin,2026,,One Star,,https://guide.michelin.com/us/en/west-vlaanderen/elverdinge/restaurant/hostellerie-st-nicolas,Hostellerie St-Nicolas,Elverdinge,Belgium,restaurant,,€€€€,,belgium-2026,Hostellerie St-Nicolas,Elverdinge,Hostellerie St-Nicolas,Elverdinge
michelin-2026-belgium-luxembourg,michelin,2026,,One Star,,https://guide.michelin.com/us/en/namur/emptinne/restaurant/la-grange-d-hamois,La Grange d'Hamois,Emptinne,Belgium,restaurant,,€€€,,belgium-2026,La Grange d'Hamois,Emptinne,La Grange d'Hamois,Emptinne
michelin-2026-belgium-luxembourg,michelin,2026,,One Star,,https://guide.michelin.com/us/en/hainaut/flobecq/restaurant/le-vieux-chateau,Le Vieux Château,Flobecq,Belgium,restaurant,,€€€,,belgium-2026,Le Vieux Château,Flobecq,Le Vieux Château,Flobecq
michelin-2026-belgium-luxembourg,michelin,2026,,One Star,,https://guide.michelin.com/us/en/liege/francorchamps/restaurant/le-roannay,Le Roannay,Francorchamps,Belgium,restaurant,,€€€,,belgium-2026,Le Roannay,Francorchamps,Le Roannay,Francorchamps
michelin-2026-belgium-luxembourg,michelin,2026,,One Star,,https://guide.michelin.com/us/en/antwerpen/geel/restaurant/la-belle,La Belle,Geel,Belgium,restaurant,,€€€,,belgium-2026,La Belle,Geel,La Belle,Geel
michelin-2026-belgium-luxembourg,michelin,2026,,One Star,,https://guide.michelin.com/us/en/be-limburg/genk/restaurant/de-kristalijn,De Kristalijn,Genk,Belgium,restaurant,,€€€€,,belgium-2026,De Kristalijn,Genk,De Kristalijn,Genk
michelin-2026-belgium-luxembourg,michelin,2026,,One Star,,https://guide.michelin.com/us/en/be-limburg/genk/restaurant/la-botte,La Botte,Genk,Belgium,restaurant,,€€€€,,belgium-2026,La Botte,Genk,La Botte,Genk
michelin-2026-belgium-luxembourg,michelin,2026,,One Star,,https://guide.michelin.com/us/en/oost-vlaanderen/gent/restaurant/oak,OAK,Gent,Belgium,restaurant,,€€€€,,belgium-2026,OAK,Gent,OAK,Gent
michelin-2026-belgium-luxembourg,michelin,2026,,One Star,,https://guide.michelin.com/us/en/oost-vlaanderen/gent/restaurant/publiek,Publiek,Gent,Belgium,restaurant,,€€€,,belgium-2026,Publiek,Gent,Publiek,Gent
michelin-2026-belgium-luxembourg,michelin,2026,,One Star,,https://guide.michelin.com/us/en/oost-vlaanderen/gentbrugge_1064169/restaurant/moscou-by-danny-horseele,Moscou By Danny Horseele,Gentbrugge,Belgium,restaurant,,€€€€,,belgium-2026,Moscou By Danny Horseele,Gentbrugge,Moscou By Danny Horseele,Gentbrugge
michelin-2026-belgium-luxembourg,michelin,2026,,One Star,,https://guide.michelin.com/us/en/be-limburg/hasselt/restaurant/jer,JER,Hasselt,Belgium,restaurant,,€€€,,belgium-2026,JER,Hasselt,JER,Hasselt
michelin-2026-belgium-luxembourg,michelin,2026,,One Star,,https://guide.michelin.com/us/en/be-limburg/hasselt/restaurant/ogst,Ogst,Hasselt,Belgium,restaurant,,€€€,,belgium-2026,Ogst,Hasselt,Ogst,Hasselt
michelin-2026-belgium-luxembourg,michelin,2026,,One Star,,https://guide.michelin.com/us/en/vlaams-brabant/heverlee/restaurant/couvert-couvert,Couvert Couvert,Heverlee,Belgium,restaurant,,€€€€,,belgium-2026,Couvert Couvert,Heverlee,Couvert Couvert,Heverlee
michelin-2026-belgium-luxembourg,michelin,2026,,One Star,,https://guide.michelin.com/us/en/vlaams-brabant/heverlee/restaurant/est-1242817,EST,Heverlee,Belgium,restaurant,,€€€€,,belgium-2026,EST,Heverlee,EST,Heverlee
michelin-2026-belgium-luxembourg,michelin,2026,,One Star,,https://guide.michelin.com/us/en/antwerpen/hulshout/restaurant/hof-ter-hulst,Hof Ter Hulst,Hulshout,Belgium,restaurant,,€€€,,belgium-2026,Hof Ter Hulst,Hulshout,Hof Ter Hulst,Hulshout
michelin-2026-belgium-luxembourg,michelin,2026,,One Star,,https://guide.michelin.com/us/en/bruxelles-capitale/ixelles/restaurant/kamo,Kamo,Ixelles,Belgium,restaurant,,€€€€,,belgium-2026,Kamo,Ixelles,Kamo,Ixelles
michelin-2026-belgium-luxembourg,michelin,2026,,One Star,,https://guide.michelin.com/us/en/bruxelles-capitale/ixelles/restaurant/humus-x-hortense,humus x hortense,Ixelles,Belgium,restaurant,,€€€€,,belgium-2026,humus x hortense,Ixelles,humus x hortense,Ixelles
michelin-2026-belgium-luxembourg,michelin,2026,,One Star,,https://guide.michelin.com/us/en/brabant-wallon/jodoigne/restaurant/aux-petits-oignons,Aux petits oignons,Jodoigne,Belgium,restaurant,,€€€,,belgium-2026,Aux petits oignons,Jodoigne,Aux petits oignons,Jodoigne
michelin-2026-belgium-luxembourg,michelin,2026,,One Star,,https://guide.michelin.com/us/en/west-vlaanderen/knokke/restaurant/boo-raan,Boo Raan,Knokke,Belgium,restaurant,,€€,,belgium-2026,Boo Raan,Knokke,Boo Raan,Knokke
michelin-2026-belgium-luxembourg,michelin,2026,,One Star,,https://guide.michelin.com/us/en/west-vlaanderen/knokke/restaurant/sel-gris,Sel Gris,Knokke,Belgium,restaurant,,€€€€,,belgium-2026,Sel Gris,Knokke,Sel Gris,Knokke
michelin-2026-belgium-luxembourg,michelin,2026,,One Star,,https://guide.michelin.com/us/en/antwerpen/kontich/restaurant/vintage,Vintage,Kontich,Belgium,restaurant,,€€€,,belgium-2026,Vintage,Kontich,Vintage,Kontich
michelin-2026-belgium-luxembourg,michelin,2026,,One Star,,https://guide.michelin.com/us/en/vlaams-brabant/leefdaal/restaurant/atelier-noun,Atelier Noun,Leefdaal,Belgium,restaurant,,€€€,,belgium-2026,Atelier Noun,Leefdaal,Atelier Noun,Leefdaal
michelin-2026-belgium-luxembourg,michelin,2026,,One Star,,https://guide.michelin.com/us/en/vlaams-brabant/leuven/restaurant/eed,EED,Leuven,Belgium,restaurant,,€€€€,,belgium-2026,EED,Leuven,EED,Leuven
michelin-2026-belgium-luxembourg,michelin,2026,,One Star,,https://guide.michelin.com/us/en/vlaams-brabant/leuven/restaurant/essenciel,EssenCiel,Leuven,Belgium,restaurant,,€€€€,,belgium-2026,EssenCiel,Leuven,EssenCiel,Leuven
michelin-2026-belgium-luxembourg,michelin,2026,,One Star,,https://guide.michelin.com/us/en/antwerpen/lichtaart/restaurant/de-pastorie209876,De Pastorie,Lichtaart,Belgium,restaurant,,€€€€,,belgium-2026,De Pastorie,Lichtaart,De Pastorie,Lichtaart
michelin-2026-belgium-luxembourg,michelin,2026,,One Star,,https://guide.michelin.com/us/en/antwerpen/lier/restaurant/neon,Neon,Lier,Belgium,restaurant,,€€€,,belgium-2026,Neon,Lier,Neon,Lier
michelin-2026-belgium-luxembourg,michelin,2026,,One Star,,https://guide.michelin.com/us/en/liege/liege/restaurant/heliport-brasserie,Héliport Brasserie,Liège,Belgium,restaurant,,€€€,,belgium-2026,Héliport Brasserie,Liège,Héliport Brasserie,Liège
michelin-2026-belgium-luxembourg,michelin,2026,,One Star,,https://guide.michelin.com/us/en/liege/liege/restaurant/toma,¡Toma!,Liège,Belgium,restaurant,,€€€€,,belgium-2026,¡Toma!,Liège,¡Toma!,Liège
michelin-2026-belgium-luxembourg,michelin,2026,,One Star,,https://guide.michelin.com/us/en/oost-vlaanderen/lotenhulle_1064911/restaurant/le-julien,Le Julien,Lotenhulle,Belgium,restaurant,,€€€€,,belgium-2026,Le Julien,Lotenhulle,Le Julien,Lotenhulle
michelin-2026-belgium-luxembourg,michelin,2026,,One Star,,https://guide.michelin.com/us/en/be-luxembourg/marche-en-famenne/restaurant/bistrot-blaise,Bistrot Blaise,Marche-en-Famenne,Belgium,restaurant,,€€€,,belgium-2026,Bistrot Blaise,Marche-en-Famenne,Bistrot Blaise,Marche-en-Famenne
michelin-2026-belgium-luxembourg,michelin,2026,,One Star,,https://guide.michelin.com/us/en/liege/marchin/restaurant/arabelle-meirlaen,Arabelle Meirlaen,Marchin,Belgium,restaurant,,€€€,,belgium-2026,Arabelle Meirlaen,Marchin,Arabelle Meirlaen,Marchin
michelin-2026-belgium-luxembourg,michelin,2026,,One Star,,https://guide.michelin.com/us/en/be-luxembourg/marenne/restaurant/les-pieds-dans-le-plat,Les Pieds dans le Plat,Marenne,Belgium,restaurant,,€€€,,belgium-2026,Les Pieds dans le Plat,Marenne,Les Pieds dans le Plat,Marenne
michelin-2026-belgium-luxembourg,michelin,2026,,One Star,,https://guide.michelin.com/us/en/west-vlaanderen/marke/restaurant/rebelle548550,Rebelle,Marke,Belgium,restaurant,,€€€,,belgium-2026,Rebelle,Marke,Rebelle,Marke
michelin-2026-belgium-luxembourg,michelin,2026,,One Star,,https://guide.michelin.com/us/en/west-vlaanderen/marke/restaurant/vol-ver,Vol-Ver,Marke,Belgium,restaurant,,€€€,,belgium-2026,Vol-Ver,Marke,Vol-Ver,Marke
michelin-2026-belgium-luxembourg,michelin,2026,,One Star,,https://guide.michelin.com/us/en/antwerpen/mechelen/restaurant/tinelle,Tinèlle,Mechelen,Belgium,restaurant,,€€€,,belgium-2026,Tinèlle,Mechelen,Tinèlle,Malines
michelin-2026-belgium-luxembourg,michelin,2026,,One Star,,https://guide.michelin.com/us/en/liege/modave_1065092/restaurant/la-roseraie,La Roseraie Modave,Modave,Belgium,restaurant,,€€€,,belgium-2026,La Roseraie Modave,Modave,La Roseraie Modave,Modave
michelin-2026-belgium-luxembourg,michelin,2026,,One Star,,https://guide.michelin.com/us/en/namur/namur/restaurant/attablez-vous,Attablez-vous,Namur,Belgium,restaurant,,€€€,,belgium-2026,Attablez-vous,Namur,Attablez-vous,Namur
michelin-2026-belgium-luxembourg,michelin,2026,,One Star,,https://guide.michelin.com/us/en/oost-vlaanderen/nieuwkerken-waas/restaurant/t-korennaer,'t Korennaer,Nieuwkerken-Waas,Belgium,restaurant,,€€€,,belgium-2026,'t Korennaer,Nieuwkerken-Waas,'t Korennaer,Nieuwkerken-Waas
michelin-2026-belgium-luxembourg,michelin,2026,,One Star,,https://guide.michelin.com/us/en/oost-vlaanderen/ninove/restaurant/de-bakermat,De Bakermat,Ninove,Belgium,restaurant,,€€€€,,belgium-2026,De Bakermat,Ninove,De Bakermat,Ninove
michelin-2026-belgium-luxembourg,michelin,2026,,One Star,,https://guide.michelin.com/us/en/brabant-wallon/ohain/restaurant/la-table-lasne-by-alain-bianchin,La Table-Lasne by Alain Bianchin,Ohain,Belgium,restaurant,,€€€€,,belgium-2026,La Table-Lasne by Alain Bianchin,Ohain,La Table-Lasne by Alain Bianchin,Ohain
michelin-2026-belgium-luxembourg,michelin,2026,,One Star,,https://guide.michelin.com/us/en/west-vlaanderen/oostende/restaurant/haut,HAUT,Oostende,Belgium,restaurant,,€€€€,,belgium-2026,HAUT,Oostende,HAUT,Oostende
michelin-2026-belgium-luxembourg,michelin,2026,,One Star,,https://guide.michelin.com/us/en/be-limburg/opglabbeek/restaurant/modest,Modest,Opglabbeek,Belgium,restaurant,,€€€€,,belgium-2026,Modest,Opglabbeek,Modest,Opglabbeek
michelin-2026-belgium-luxembourg,michelin,2026,,One Star,,https://guide.michelin.com/us/en/west-vlaanderen/oudenburg/restaurant/willem-hiele-1203519,Willem Hiele,Oudenburg,Belgium,restaurant,,€€€€,,belgium-2026,Willem Hiele,Oudenburg,Willem Hiele,Oudenburg
michelin-2026-belgium-luxembourg,michelin,2026,,One Star,,https://guide.michelin.com/us/en/oost-vlaanderen/ouwegem/restaurant/benoit-en-bernard-dewitte,Benoit en Bernard Dewitte,Ouwegem,Belgium,restaurant,,€€€€,,belgium-2026,Benoit en Bernard Dewitte,Ouwegem,Benoit en Bernard Dewitte,Ouwegem
michelin-2026-belgium-luxembourg,michelin,2026,,One Star,,https://guide.michelin.com/us/en/be-luxembourg/paliseul/restaurant/le-gastronome,Le Gastronome,Paliseul,Belgium,restaurant,,€€€,,belgium-2026,Le Gastronome,Paliseul,Le Gastronome,Paliseul
michelin-2026-belgium-luxembourg,michelin,2026,,One Star,,https://guide.michelin.com/us/en/hainaut/quevy-le-grand_1065568/restaurant/l-imperatif-d-eole,l'Impératif d'Éole,Quévy-le-Grand,Belgium,restaurant,,€€€,,belgium-2026,l'Impératif d'Éole,Quévy-le-Grand,l'Impératif d'Éole,Quévy-le-Grand
michelin-2026-belgium-luxembourg,michelin,2026,,One Star,,https://guide.michelin.com/us/en/hainaut/roucourt/restaurant/vicomte,Vicomté,Roucourt,Belgium,restaurant,,€€€,,belgium-2026,Vicomté,Roucourt,Vicomté,Roucourt
michelin-2026-belgium-luxembourg,michelin,2026,,One Star,,https://guide.michelin.com/us/en/liege/sankt-vith/restaurant/quadras,Quadras,Saint Vith,Belgium,restaurant,,€€€,,belgium-2026,Quadras,Sankt Vith,Quadras,Saint-Vith
michelin-2026-belgium-luxembourg,michelin,2026,,One Star,,https://guide.michelin.com/us/en/liege/sankt-vith/restaurant/zur-post210392,Zur Post,Saint Vith,Belgium,restaurant,,€€€€,,belgium-2026,Zur Post,Sankt Vith,Zur Post,Saint-Vith
michelin-2026-belgium-luxembourg,michelin,2026,,One Star,,https://guide.michelin.com/us/en/liege/saint-georges-sur-meuse/restaurant/philippe-fauchet,Philippe Fauchet,Saint-Georges-sur-Meuse,Belgium,restaurant,,€€€€,,belgium-2026,Philippe Fauchet,Saint-Georges-sur-Meuse,Philippe Fauchet,Saint-Georges-sur-Meuse
michelin-2026-belgium-luxembourg,michelin,2026,,One Star,,https://guide.michelin.com/us/en/hainaut/seneffe/restaurant/au-gre-du-vent,Au Gré du Vent,Seneffe,Belgium,restaurant,,€€€,,belgium-2026,Au Gré du Vent,Seneffe,Au Gré du Vent,Seneffe
michelin-2026-belgium-luxembourg,michelin,2026,,One Star,,https://guide.michelin.com/us/en/west-vlaanderen/sint-denijs/restaurant/l-envie,L'Envie,Sint-Denijs,Belgium,restaurant,,€€€€,,belgium-2026,L'Envie,Sint-Denijs,L'Envie,Sint-Denijs
michelin-2026-belgium-luxembourg,michelin,2026,,One Star,,https://guide.michelin.com/us/en/west-vlaanderen/sint-denijs-westrem/restaurant/sensum-1194348,Sensum Gent,Sint-Denijs-Westrem,Belgium,restaurant,,€€€,,belgium-2026,Sensum Gent,Sint-Denijs-Westrem,Sensum Gent,Sint-Denijs-Westrem
michelin-2026-belgium-luxembourg,michelin,2026,,One Star,,https://guide.michelin.com/us/en/west-vlaanderen/sint-idesbald/restaurant/carcasse,Carcasse,Sint-Idesbald,Belgium,restaurant,,€€€€,,belgium-2026,Carcasse,Sint-Idesbald,Carcasse,Sint-Idesbald
michelin-2026-belgium-luxembourg,michelin,2026,,One Star,,https://guide.michelin.com/us/en/antwerpen/sint-katelijne-waver/restaurant/centpourcent,Centpourcent,Sint-Katelijne-Waver,Belgium,restaurant,,€€€€,,belgium-2026,Centpourcent,Sint-Katelijne-Waver,Centpourcent,Sint-Katelijne-Waver
michelin-2026-belgium-luxembourg,michelin,2026,,One Star,,https://guide.michelin.com/us/en/west-vlaanderen/sint-kruis/restaurant/goffin,Goffin,Sint-Kruis,Belgium,restaurant,,€€€€,,belgium-2026,Goffin,Sint-Kruis,Goffin,Sint-Kruis
michelin-2026-belgium-luxembourg,michelin,2026,,One Star,,https://guide.michelin.com/us/en/vlaams-brabant/sint-martens-bodegem/restaurant/agnes-1207215,Agnes,Sint-Martens-Bodegem,Belgium,restaurant,,€€€,,belgium-2026,Agnes,Sint-Martens-Bodegem,Agnes,Sint-Martens-Bodegem
michelin-2026-belgium-luxembourg,michelin,2026,,One Star,,https://guide.michelin.com/us/en/liege/soheit-tinlot/restaurant/le-coq-aux-champs,Le Coq aux Champs,Soheit-Tinlot,Belgium,restaurant,,€€€,,belgium-2026,Le Coq aux Champs,Soheit-Tinlot,Le Coq aux Champs,Soheit-Tinlot
michelin-2026-belgium-luxembourg,michelin,2026,,One Star,,https://guide.michelin.com/us/en/be-limburg/st-martens-voeren/restaurant/hoeve-de-bies,Hoeve De Bies,St-Martens-Voeren,Belgium,restaurant,,€€€€,,belgium-2026,Hoeve De Bies,St-Martens-Voeren,Hoeve De Bies,St-Martens-Voeren
michelin-2026-belgium-luxembourg,michelin,2026,,One Star,,https://guide.michelin.com/us/en/vlaams-brabant/strombeek-bever/restaurant/t-stoveke,'t Stoveke,Strombeek-Bever,Belgium,restaurant,,€€€,,belgium-2026,'t Stoveke,Strombeek-Bever,'t Stoveke,Strombeek-Bever
michelin-2026-belgium-luxembourg,michelin,2026,,One Star,,https://guide.michelin.com/us/en/namur/temploux/restaurant/l-essentiel210192,l'Essentiel,Temploux,Belgium,restaurant,,€€€,,belgium-2026,l'Essentiel,Temploux,l'Essentiel,Temploux
michelin-2026-belgium-luxembourg,michelin,2026,,One Star,,https://guide.michelin.com/us/en/vlaams-brabant/tienen/restaurant/melchior,Melchior,Tienen,Belgium,restaurant,,€€€€,,belgium-2026,Melchior,Tienen,Melchior,Tienen
michelin-2026-belgium-luxembourg,michelin,2026,,One Star,,https://guide.michelin.com/us/en/be-limburg/tongeren/restaurant/altermezzo,Alter,Tongeren,Belgium,restaurant,,€€€€,,belgium-2026,Alter,Tongeren,Alter,Tongeren
michelin-2026-belgium-luxembourg,michelin,2026,,One Star,,https://guide.michelin.com/us/en/be-limburg/tongeren/restaurant/de-mijlpaal,De Mijlpaal,Tongeren,Belgium,restaurant,,€€€,,belgium-2026,De Mijlpaal,Tongeren,De Mijlpaal,Tongeren
michelin-2026-belgium-luxembourg,michelin,2026,,One Star,,https://guide.michelin.com/us/en/antwerpen/turnhout/restaurant/hert,Hert,Turnhout,Belgium,restaurant,,€€€€,,belgium-2026,Hert,Turnhout,Hert,Turnhout
michelin-2026-belgium-luxembourg,michelin,2026,,One Star,,https://guide.michelin.com/us/en/namur/villers-sur-lesse/restaurant/arden,Arden,Villers-sur-Lesse,Belgium,restaurant,,€€€€,,belgium-2026,Arden,Villers-sur-Lesse,Arden,Villers-sur-Lesse
michelin-2026-belgium-luxembourg,michelin,2026,,One Star,,https://guide.michelin.com/us/en/oost-vlaanderen/waasmunster/restaurant/sense-1192293,Sense,Waasmunster,Belgium,restaurant,,€€€€,,belgium-2026,Sense,Waasmunster,Sense,Waasmunster
michelin-2026-belgium-luxembourg,michelin,2026,,One Star,,https://guide.michelin.com/us/en/bruxelles-capitale/woluwe-saint-lambert/restaurant/da-mimmo209466,Da Mimmo,Woluwe-Saint-Lambert,Belgium,restaurant,,€€€€,,belgium-2026,Da Mimmo,Woluwe-Saint-Lambert,Da Mimmo,Woluwe-Saint-Lambert
michelin-2026-belgium-luxembourg,michelin,2026,,One Star,,https://guide.michelin.com/us/en/bruxelles-capitale/woluwe-saint-pierre/restaurant/menssa,Menssa,Woluwe-Saint-Pierre,Belgium,restaurant,,€€€€,,belgium-2026,Menssa,Woluwe-Saint-Pierre,Menssa,Woluwe-Saint-Pierre
michelin-2026-belgium-luxembourg,michelin,2026,,One Star,,https://guide.michelin.com/us/en/vlaams-gewest/wommelgem_1063155/restaurant/komaf,Komaf,Wommelgem,Belgium,restaurant,,€€€€,,belgium-2026,Komaf,Wommelgem,Komaf,Wommelgem
michelin-2026-belgium-luxembourg,michelin,2026,,One Star,,https://guide.michelin.com/us/en/be-luxembourg/wris/restaurant/le-cor-de-chasse,Le Cor de Chasse,Wéris,Belgium,restaurant,,€€€,,belgium-2026,Le Cor de Chasse,Wéris,Le Cor de Chasse,Wéris
michelin-2026-belgium-luxembourg,michelin,2026,,One Star,,https://guide.michelin.com/us/en/oost-vlaanderen/zele/restaurant/fleur-de-lin,Fleur de Lin,Zele,Belgium,restaurant,,€€€€,,belgium-2026,Fleur de Lin,Zele,Fleur de Lin,Zele
michelin-2026-belgium-luxembourg,michelin,2026,,One Star,,https://guide.michelin.com/us/en/be-limburg/zonhoven/restaurant/innesto,Innesto,Zonhoven,Belgium,restaurant,,€€€€,,belgium-2026,Innesto,Zonhoven,Innesto,Zonhoven
michelin-2026-belgium-luxembourg,michelin,2026,,Bib Gourmand,,https://guide.michelin.com/us/en/namur/achet/restaurant/au-gre-des-saisons,Au gré des Saisons,Achet,Belgium,restaurant,,€€,,belgium-2026,Au gré des Saisons,Achet,Au gré des Saisons,Achet
michelin-2026-belgium-luxembourg,michelin,2026,,Bib Gourmand,,https://guide.michelin.com/us/en/namur/alle/restaurant/le-charme-de-la-semois,Le Charme de la Semois,Alle,Belgium,restaurant,,€€,,belgium-2026,Le Charme de la Semois,Alle,Le Charme de la Semois,Alle
michelin-2026-belgium-luxembourg,michelin,2026,,Bib Gourmand,,https://guide.michelin.com/us/en/bruxelles-capitale/anderlecht/restaurant/appel-thai,Appel Thaï,Anderlecht,Belgium,restaurant,,€,,belgium-2026,Appel Thaï,Anderlecht,Appel Thaï,Anderlecht
michelin-2026-belgium-luxembourg,michelin,2026,,Bib Gourmand,,https://guide.michelin.com/us/en/antwerpen/be-antwerpen/restaurant/ciro-s,Ciro's,Antwerpen,Belgium,restaurant,,€€,,belgium-2026,Ciro's,Antwerpen,Ciro's,Antwerpen
michelin-2026-belgium-luxembourg,michelin,2026,,Bib Gourmand,,https://guide.michelin.com/us/en/antwerpen/be-antwerpen/restaurant/ko-uzi,Ko'uzi,Antwerpen,Belgium,restaurant,,€€,,belgium-2026,Ko'uzi,Antwerpen,Ko'uzi,Antwerpen
michelin-2026-belgium-luxembourg,michelin,2026,,Bib Gourmand,,https://guide.michelin.com/us/en/antwerpen/be-antwerpen/restaurant/ni-shifu,Ni Shifu,Antwerpen,Belgium,restaurant,,€€,,belgium-2026,Ni Shifu,Antwerpen,Ni Shifu,Antwerpen
michelin-2026-belgium-luxembourg,michelin,2026,,Bib Gourmand,,https://guide.michelin.com/us/en/antwerpen/be-antwerpen/restaurant/and-or,and/or,Antwerpen,Belgium,restaurant,,€€,,belgium-2026,and/or,Antwerpen,and/or,Antwerpen
michelin-2026-belgium-luxembourg,michelin,2026,,Bib Gourmand,,https://guide.michelin.com/us/en/hainaut/arquennes/restaurant/il-etait-une-fois-toi-et-moi,il était une fois toi et moi,Arquennes,Belgium,restaurant,,€€,,belgium-2026,il était une fois toi et moi,Arquennes,il était une fois toi et moi,Arquennes
michelin-2026-belgium-luxembourg,michelin,2026,,Bib Gourmand,,https://guide.michelin.com/us/en/bruxelles-capitale/auderghem/restaurant/maza-j,Maza'j,Auderghem,Belgium,restaurant,,€€,,belgium-2026,Maza'j,Auderghem,Maza'j,Auderghem
michelin-2026-belgium-luxembourg,michelin,2026,,Bib Gourmand,,https://guide.michelin.com/us/en/bruxelles-capitale/auderghem/restaurant/villa-singha,Villa Singha,Auderghem,Belgium,restaurant,,€€,,belgium-2026,Villa Singha,Auderghem,Villa Singha,Auderghem
michelin-2026-belgium-luxembourg,michelin,2026,,Bib Gourmand,,https://guide.michelin.com/us/en/hainaut/baudour/restaurant/le-faitout210157,Le Faitout,Baudour,Belgium,restaurant,,€€,,belgium-2026,Le Faitout,Baudour,Le Faitout,Baudour
michelin-2026-belgium-luxembourg,michelin,2026,,Bib Gourmand,,https://guide.michelin.com/us/en/oost-vlaanderen/bazel/restaurant/trattoria-bazalia,Trattoria Bazalia,Bazel,Belgium,restaurant,,€€,,belgium-2026,Trattoria Bazalia,Bazel,Trattoria Bazalia,Bazel
michelin-2026-belgium-luxembourg,michelin,2026,,Bib Gourmand,,https://guide.michelin.com/us/en/namur/bierwart_1063480/restaurant/restaurant-coquo,Restaurant Coquo,Bierwart,Belgium,restaurant,,€€,,belgium-2026,Restaurant Coquo,Bierwart,Restaurant Coquo,Bierwart
michelin-2026-belgium-luxembourg,michelin,2026,,Bib Gourmand,,https://guide.michelin.com/us/en/hainaut/binche/restaurant/cul-de-poule,Cul de Poule,Binche,Belgium,restaurant,,€€,,belgium-2026,Cul de Poule,Binche,Cul de Poule,Binche
michelin-2026-belgium-luxembourg,michelin,2026,,Bib Gourmand,,https://guide.michelin.com/us/en/hainaut/blaregnies/restaurant/la-marelle-cafe,La Marelle Café,Blaregnies,Belgium,restaurant,,€€,,belgium-2026,La Marelle Café,Blaregnies,La Marelle Café,Blaregnies
michelin-2026-belgium-luxembourg,michelin,2026,,Bib Gourmand,,https://guide.michelin.com/us/en/region-wallonne/bois-de-villers_1063527/restaurant/au-phil-des-saveurs,Au Phil des Saveurs,Bois-de-Villers,Belgium,restaurant,,€€,,belgium-2026,Au Phil des Saveurs,Bois-de-Villers,Au Phil des Saveurs,Bois-de-Villers
michelin-2026-belgium-luxembourg,michelin,2026,,Bib Gourmand,,https://guide.michelin.com/us/en/namur/boninne/restaurant/michel,Michel,Boninne,Belgium,restaurant,,€€,,belgium-2026,Michel,Boninne,Michel,Boninne
michelin-2026-belgium-luxembourg,michelin,2026,,Bib Gourmand,,https://guide.michelin.com/us/en/antwerpen/borgerhout/restaurant/glou-glou,Glou Glou,Borgerhout,Belgium,restaurant,,€€,,belgium-2026,Glou Glou,Borgerhout,Glou Glou,Borgerhout
michelin-2026-belgium-luxembourg,michelin,2026,,Bib Gourmand,,https://guide.michelin.com/us/en/antwerpen/bornem/restaurant/biestro-h-eat,Biestro H-eat,Bornem,Belgium,restaurant,,€€,,belgium-2026,Biestro H-eat,Bornem,Biestro H-eat,Bornem
michelin-2026-belgium-luxembourg,michelin,2026,,Bib Gourmand,,https://guide.michelin.com/us/en/hainaut/bourlers/restaurant/ferme-des-4-saisons,Ferme des 4 saisons,Bourlers,Belgium,restaurant,,€€,,belgium-2026,Ferme des 4 saisons,Bourlers,Ferme des 4 saisons,Bourlers
michelin-2026-belgium-luxembourg,michelin,2026,,Bib Gourmand,,https://guide.michelin.com/us/en/brabant-wallon/braine-l-alleud/restaurant/mainoi,Maïnoï,Braine-l'Alleud,Belgium,restaurant,,€€,,belgium-2026,Maïnoï,Braine-l'Alleud,Maïnoï,Braine-l'Alleud
michelin-2026-belgium-luxembourg,michelin,2026,,Bib Gourmand,,https://guide.michelin.com/us/en/west-vlaanderen/brugge/restaurant/jacobin,Jacobin,Brugge,Belgium,restaurant,,€€,,belgium-2026,Jacobin,Brugge,Jacobin,Brugge
michelin-2026-belgium-luxembourg,michelin,2026,,Bib Gourmand,,https://guide.michelin.com/us/en/west-vlaanderen/brugge/restaurant/onslow,Onslow,Brugge,Belgium,restaurant,,€€,,belgium-2026,Onslow,Brugge,Onslow,Brugge
michelin-2026-belgium-luxembourg,michelin,2026,,Bib Gourmand,,https://guide.michelin.com/us/en/west-vlaanderen/brugge/restaurant/quatre-vins,Quatre Vins,Brugge,Belgium,restaurant,,€€,,belgium-2026,Quatre Vins,Brugge,Quatre Vins,Brugge
michelin-2026-belgium-luxembourg,michelin,2026,,Bib Gourmand,,https://guide.michelin.com/us/en/west-vlaanderen/brugge/restaurant/tou-gou,Tou.Gou,Brugge,Belgium,restaurant,,€€,,belgium-2026,Tou.Gou,Brugge,Tou.Gou,Brugge
michelin-2026-belgium-luxembourg,michelin,2026,,Bib Gourmand,,https://guide.michelin.com/us/en/bruxelles-capitale/bruxelles/restaurant/alley-mian,Alley Mian,Brussels,Belgium,restaurant,,€,,belgium-2026,Alley Mian,Bruxelles,Alley Mian,Bruxelles
michelin-2026-belgium-luxembourg,michelin,2026,,Bib Gourmand,,https://guide.michelin.com/us/en/bruxelles-capitale/bruxelles/restaurant/kline,Kline,Brussels,Belgium,restaurant,,€€,,belgium-2026,Kline,Bruxelles,Kline,Bruxelles
michelin-2026-belgium-luxembourg,michelin,2026,,Bib Gourmand,,https://guide.michelin.com/us/en/bruxelles-capitale/bruxelles/restaurant/selecto,Selecto,Brussels,Belgium,restaurant,,€€,,belgium-2026,Selecto,Bruxelles,Selecto,Bruxelles
michelin-2026-belgium-luxembourg,michelin,2026,,Bib Gourmand,,https://guide.michelin.com/us/en/bruxelles-capitale/bruxelles/restaurant/strofilia,Strofilia,Brussels,Belgium,restaurant,,€€,,belgium-2026,Strofilia,Bruxelles,Strofilia,Bruxelles
michelin-2026-belgium-luxembourg,michelin,2026,,Bib Gourmand,,https://guide.michelin.com/us/en/hainaut/buvrinnes/restaurant/la-fermette-des-pins,La Fermette des Pins,Buvrinnes,Belgium,restaurant,,€€,,belgium-2026,La Fermette des Pins,Buvrinnes,La Fermette des Pins,Buvrinnes
michelin-2026-belgium-luxembourg,michelin,2026,,Bib Gourmand,,https://guide.michelin.com/us/en/hainaut/charleroi/restaurant/vilain,Vilain,Charleroi,Belgium,restaurant,,€€,,belgium-2026,Vilain,Charleroi,Vilain,Charleroi
michelin-2026-belgium-luxembourg,michelin,2026,,Bib Gourmand,,https://guide.michelin.com/us/en/liege/charneux/restaurant/les-fines-gueules,Les Fines Gueules,Charneux,Belgium,restaurant,,€€,,belgium-2026,Les Fines Gueules,Charneux,Les Fines Gueules,Charneux
michelin-2026-belgium-luxembourg,michelin,2026,,Bib Gourmand,,https://guide.michelin.com/us/en/hainaut/chatelet_1063726/restaurant/wan-thai-food,Wan Thai Food,Châtelet,Belgium,restaurant,,€€,,belgium-2026,Wan Thai Food,Châtelet,Wan Thai Food,Châtelet
michelin-2026-belgium-luxembourg,michelin,2026,,Bib Gourmand,,https://guide.michelin.com/us/en/be-luxembourg/corbion/restaurant/des-ardennes,Des Ardennes,Corbion,Belgium,restaurant,,€€,,belgium-2026,Des Ardennes,Corbion,Des Ardennes,Corbion
michelin-2026-belgium-luxembourg,michelin,2026,,Bib Gourmand,,https://guide.michelin.com/us/en/namur/couvin/restaurant/nulle-part-ailleurs,Nulle Part Ailleurs,Couvin,Belgium,restaurant,,€€,,belgium-2026,Nulle Part Ailleurs,Couvin,Nulle Part Ailleurs,Couvin
michelin-2026-belgium-luxembourg,michelin,2026,,Bib Gourmand,,https://guide.michelin.com/us/en/namur/dinant/restaurant/la-broche,La Broche,Dinant,Belgium,restaurant,,€€,,belgium-2026,La Broche,Dinant,La Broche,Dinant
michelin-2026-belgium-luxembourg,michelin,2026,,Bib Gourmand,,https://guide.michelin.com/us/en/namur/dinant/restaurant/le-confessionnal,Le Confessionnal,Dinant,Belgium,restaurant,,€€,,belgium-2026,Le Confessionnal,Dinant,Le Confessionnal,Dinant
michelin-2026-belgium-luxembourg,michelin,2026,,Bib Gourmand,,https://guide.michelin.com/us/en/hainaut/dottignies/restaurant/gaston-vouzote,Gaston Vouzote,Dottignies,Belgium,restaurant,,€€,,belgium-2026,Gaston Vouzote,Dottignies,Gaston Vouzote,Dottignies
michelin-2026-belgium-luxembourg,michelin,2026,,Bib Gourmand,,https://guide.michelin.com/us/en/be-luxembourg/durbuy/restaurant/durbuy-o,Durbuy Ô,Durbuy,Belgium,restaurant,,€€,,belgium-2026,Durbuy Ô,Durbuy,Durbuy Ô,Durbuy
michelin-2026-belgium-luxembourg,michelin,2026,,Bib Gourmand,,https://guide.michelin.com/us/en/antwerpen/emblem_1062478/restaurant/ching-ching,Ching Ching,Emblem,Belgium,restaurant,,€€,,belgium-2026,Ching Ching,Emblem,Ching Ching,Emblem
michelin-2026-belgium-luxembourg,michelin,2026,,Bib Gourmand,,https://guide.michelin.com/us/en/namur/erpent/restaurant/comptoir-de-l-eau-vive,Comptoir de l'Eau Vive,Erpent,Belgium,restaurant,,€€,,belgium-2026,Comptoir de l'Eau Vive,Erpent,Comptoir de l'Eau Vive,Erpent
michelin-2026-belgium-luxembourg,michelin,2026,,Bib Gourmand,,https://guide.michelin.com/us/en/liege/eupen/restaurant/arti-choc,Arti'Choc,Eupen,Belgium,restaurant,,€€,,belgium-2026,Arti'Choc,Eupen,Arti'Choc,Eupen
michelin-2026-belgium-luxembourg,michelin,2026,,Bib Gourmand,,https://guide.michelin.com/us/en/namur/falan/restaurant/la-fermette,La Fermette,Falaën,Belgium,restaurant,,€€,,belgium-2026,La Fermette,Falaën,La Fermette,Falaën
michelin-2026-belgium-luxembourg,michelin,2026,,Bib Gourmand,,https://guide.michelin.com/us/en/namur/falmignoul/restaurant/ccnomie,CCnomie,Falmignoul,Belgium,restaurant,,€€,,belgium-2026,CCnomie,Falmignoul,CCnomie,Falmignoul
michelin-2026-belgium-luxembourg,michelin,2026,,Bib Gourmand,,https://guide.michelin.com/us/en/namur/floriffoux_1064050/restaurant/emulsion,Émulsion,Floriffoux,Belgium,restaurant,,€€,,belgium-2026,Émulsion,Floriffoux,Émulsion,Floriffoux
michelin-2026-belgium-luxembourg,michelin,2026,,Bib Gourmand,,https://guide.michelin.com/us/en/be-limburg/genk/restaurant/moonstone,Moonstone,Genk,Belgium,restaurant,,€€,,belgium-2026,Moonstone,Genk,Moonstone,Genk
michelin-2026-belgium-luxembourg,michelin,2026,,Bib Gourmand,,https://guide.michelin.com/us/en/oost-vlaanderen/gent/restaurant/le-baan-thai,Le Baan Thaï,Gent,Belgium,restaurant,,€€,,belgium-2026,Le Baan Thaï,Gent,Le Baan Thaï,Gent
michelin-2026-belgium-luxembourg,michelin,2026,,Bib Gourmand,,https://guide.michelin.com/us/en/namur/gesves_1064177/restaurant/garde-manger,Garde Manger,Gesves,Belgium,restaurant,,€€,,belgium-2026,Garde Manger,Gesves,Garde Manger,Gesves
michelin-2026-belgium-luxembourg,michelin,2026,,Bib Gourmand,,https://guide.michelin.com/us/en/liege/grivegnee/restaurant/la-cantinetta-1200453,la cantinetta,Grivegnée,Belgium,restaurant,,€€,,belgium-2026,la cantinetta,Grivegnée,la cantinetta,Grivegnée
michelin-2026-belgium-luxembourg,michelin,2026,,Bib Gourmand,,https://guide.michelin.com/us/en/liege/herve/restaurant/l-epicurien550101,l'Epicurien,Herve,Belgium,restaurant,,€€,,belgium-2026,l'Epicurien,Herve,l'Epicurien,Herve
michelin-2026-belgium-luxembourg,michelin,2026,,Bib Gourmand,,https://guide.michelin.com/us/en/vlaams-brabant/heverlee/restaurant/furbetto,Furbetto,Heverlee,Belgium,restaurant,,€€,,belgium-2026,Furbetto,Heverlee,Furbetto,Heverlee
michelin-2026-belgium-luxembourg,michelin,2026,,Bib Gourmand,,https://guide.michelin.com/us/en/hainaut/hollain/restaurant/sel-et-poivre210488,Sel et Poivre,Hollain,Belgium,restaurant,,€€,,belgium-2026,Sel et Poivre,Hollain,Sel et Poivre,Hollain
michelin-2026-belgium-luxembourg,michelin,2026,,Bib Gourmand,,https://guide.michelin.com/us/en/liege/huy/restaurant/cadre-culinaire,Cadre Culinaire,Huy,Belgium,restaurant,,€€,,belgium-2026,Cadre Culinaire,Huy,Cadre Culinaire,Huy
michelin-2026-belgium-luxembourg,michelin,2026,,Bib Gourmand,,https://guide.michelin.com/us/en/bruxelles-capitale/ixelles/restaurant/car-bon,Car Bon,Ixelles,Belgium,restaurant,,€,,belgium-2026,Car Bon,Ixelles,Car Bon,Ixelles
michelin-2026-belgium-luxembourg,michelin,2026,,Bib Gourmand,,https://guide.michelin.com/us/en/bruxelles-capitale/ixelles/restaurant/le-tournant,Le Tournant,Ixelles,Belgium,restaurant,,€€,,belgium-2026,Le Tournant,Ixelles,Le Tournant,Ixelles
michelin-2026-belgium-luxembourg,michelin,2026,,Bib Gourmand,,https://guide.michelin.com/us/en/bruxelles-capitale/ixelles/restaurant/lune-siamoise,Lune Siamoise,Ixelles,Belgium,restaurant,,€€,,belgium-2026,Lune Siamoise,Ixelles,Lune Siamoise,Ixelles
michelin-2026-belgium-luxembourg,michelin,2026,,Bib Gourmand,,https://guide.michelin.com/us/en/bruxelles-capitale/ixelles/restaurant/osteria-bolognese,Osteria Bolognese,Ixelles,Belgium,restaurant,,€€,,belgium-2026,Osteria Bolognese,Ixelles,Osteria Bolognese,Ixelles
michelin-2026-belgium-luxembourg,michelin,2026,,Bib Gourmand,,https://guide.michelin.com/us/en/bruxelles-capitale/ixelles/restaurant/ongba,ÔNGBÀ,Ixelles,Belgium,restaurant,,€€,,belgium-2026,ÔNGBÀ,Ixelles,ÔNGBÀ,Ixelles
michelin-2026-belgium-luxembourg,michelin,2026,,Bib Gourmand,,https://guide.michelin.com/us/en/bruxelles-capitale/jette/restaurant/french-kiss,French Kiss,Jette,Belgium,restaurant,,€€,,belgium-2026,French Kiss,Jette,French Kiss,Jette
michelin-2026-belgium-luxembourg,michelin,2026,,Bib Gourmand,,https://guide.michelin.com/us/en/brabant-wallon/jodoigne/restaurant/le-sixieme,Le Sixième,Jodoigne,Belgium,restaurant,,€€,,belgium-2026,Le Sixième,Jodoigne,Le Sixième,Jodoigne
michelin-2026-belgium-luxembourg,michelin,2026,,Bib Gourmand,,https://guide.michelin.com/us/en/vlaams-brabant/kraainem/restaurant/station-3,Station 3,Kraainem,Belgium,restaurant,,€€,,belgium-2026,Station 3,Kraainem,Station 3,Kraainem
michelin-2026-belgium-luxembourg,michelin,2026,,Bib Gourmand,,https://guide.michelin.com/us/en/be-luxembourg/lacuisine/restaurant/au-c%C5%93ur-de-lacuisine,Au Cœur de Lacuisine,Lacuisine,Belgium,restaurant,,€€,,belgium-2026,Au Cœur de Lacuisine,Lacuisine,Au Cœur de Lacuisine,Lacuisine
michelin-2026-belgium-luxembourg,michelin,2026,,Bib Gourmand,,https://guide.michelin.com/us/en/liege/lanaye/restaurant/l-echappee-belle548416,L'Echappée Belle,Lanaye,Belgium,restaurant,,€€,,belgium-2026,L'Echappée Belle,Lanaye,L'Echappée Belle,Lanaye
michelin-2026-belgium-luxembourg,michelin,2026,,Bib Gourmand,,https://guide.michelin.com/us/en/oost-vlaanderen/ledeberg/restaurant/taberna-bask,Taberna Bask,Ledeberg,Belgium,restaurant,,€€,,belgium-2026,Taberna Bask,Ledeberg,Taberna Bask,Ledeberg
michelin-2026-belgium-luxembourg,michelin,2026,,Bib Gourmand,,https://guide.michelin.com/us/en/vlaams-brabant/linkebeek/restaurant/monsieur-v,Monsieur V,Linkebeek,Belgium,restaurant,,€€,,belgium-2026,Monsieur V,Linkebeek,Monsieur V,Linkebeek
michelin-2026-belgium-luxembourg,michelin,2026,,Bib Gourmand,,https://guide.michelin.com/us/en/liege/liege/restaurant/enoteca210027,Enoteca,Liège,Belgium,restaurant,,€€,,belgium-2026,Enoteca,Liège,Enoteca,Liège
michelin-2026-belgium-luxembourg,michelin,2026,,Bib Gourmand,,https://guide.michelin.com/us/en/liege/liege/restaurant/la-cuisine-de-yannick,La Cuisine de Yannick,Liège,Belgium,restaurant,,€€,,belgium-2026,La Cuisine de Yannick,Liège,La Cuisine de Yannick,Liège
michelin-2026-belgium-luxembourg,michelin,2026,,Bib Gourmand,,https://guide.michelin.com/us/en/liege/liege/restaurant/le-bistrot-d-en-face,Le Bistrot d'en Face,Liège,Belgium,restaurant,,€€,,belgium-2026,Le Bistrot d'en Face,Liège,Le Bistrot d'en Face,Liège
michelin-2026-belgium-luxembourg,michelin,2026,,Bib Gourmand,,https://guide.michelin.com/us/en/liege/liege/restaurant/le-cabochon,Le Cabochon,Liège,Belgium,restaurant,,€€,,belgium-2026,Le Cabochon,Liège,Le Cabochon,Liège
michelin-2026-belgium-luxembourg,michelin,2026,,Bib Gourmand,,https://guide.michelin.com/us/en/be-luxembourg/marche-en-famenne/restaurant/les-4-saisons-1202176,Les 4 Saisons,Marche-en-Famenne,Belgium,restaurant,,€€,,belgium-2026,Les 4 Saisons,Marche-en-Famenne,Les 4 Saisons,Marche-en-Famenne
michelin-2026-belgium-luxembourg,michelin,2026,,Bib Gourmand,,https://guide.michelin.com/us/en/be-luxembourg/martelange/restaurant/brasserie-n4,Brasserie N4,Martelange,Belgium,restaurant,,€€,,belgium-2026,Brasserie N4,Martelange,Brasserie N4,Martelange
michelin-2026-belgium-luxembourg,michelin,2026,,Bib Gourmand,,https://guide.michelin.com/us/en/hainaut/mons/restaurant/la-table-du-boucher,La Table du Boucher,Mons,Belgium,restaurant,,€€,,belgium-2026,La Table du Boucher,Mons,La Table du Boucher,Mons
michelin-2026-belgium-luxembourg,michelin,2026,,Bib Gourmand,,https://guide.michelin.com/us/en/hainaut/mont-sur-marchienne_1065143/restaurant/table-et-vin,Table et Vin,Mont-sur-Marchienne,Belgium,restaurant,,€€,,belgium-2026,Table et Vin,Mont-sur-Marchienne,Table et Vin,Mont-sur-Marchienne
michelin-2026-belgium-luxembourg,michelin,2026,,Bib Gourmand,,https://guide.michelin.com/us/en/hainaut/montigny-le-tilleul/restaurant/de-vous-a-nous,De Vous à Nous,Montigny-le-Tilleul,Belgium,restaurant,,€€,,belgium-2026,De Vous à Nous,Montigny-le-Tilleul,De Vous à Nous,Montigny-le-Tilleul
michelin-2026-belgium-luxembourg,michelin,2026,,Bib Gourmand,,https://guide.michelin.com/us/en/namur/namur/restaurant/l-espieglerie,L'Espièglerie,Namur,Belgium,restaurant,,€€,,belgium-2026,L'Espièglerie,Namur,L'Espièglerie,Namur
michelin-2026-belgium-luxembourg,michelin,2026,,Bib Gourmand,,https://guide.michelin.com/us/en/be-luxembourg/nassogne/restaurant/le-barathym,Le Barathym,Nassogne,Belgium,restaurant,,€€,,belgium-2026,Le Barathym,Nassogne,Le Barathym,Nassogne
michelin-2026-belgium-luxembourg,michelin,2026,,Bib Gourmand,,https://guide.michelin.com/us/en/namur/orchimont/restaurant/jeux-de-gouts,Jeux de Goûts,Orchimont,Belgium,restaurant,,€€,,belgium-2026,Jeux de Goûts,Orchimont,Jeux de Goûts,Orchimont
michelin-2026-belgium-luxembourg,michelin,2026,,Bib Gourmand,,https://guide.michelin.com/us/en/oost-vlaanderen/oudenaarde/restaurant/the-fox-1218013,The FOX,Oudenaarde,Belgium,restaurant,,€€,,belgium-2026,The FOX,Oudenaarde,The FOX,Audenarde
michelin-2026-belgium-luxembourg,michelin,2026,,Bib Gourmand,,https://guide.michelin.com/us/en/liege/ouffet_1065417/restaurant/la-maison-thai-1214297,La Maison Thai,Ouffet,Belgium,restaurant,,€€,,belgium-2026,La Maison Thai,Ouffet,La Maison Thai,Ouffet
michelin-2026-belgium-luxembourg,michelin,2026,,Bib Gourmand,,https://guide.michelin.com/us/en/liege/petit-rechain/restaurant/la-chapellerie,La Chapellerie,Petit-Rechain,Belgium,restaurant,,€€,,belgium-2026,La Chapellerie,Petit-Rechain,La Chapellerie,Petit-Rechain
michelin-2026-belgium-luxembourg,michelin,2026,,Bib Gourmand,,https://guide.michelin.com/us/en/hainaut/pont-a-celles/restaurant/l-entre-d-eux,L'Entre D'Eux,Pont-à-Celles,Belgium,restaurant,,€€,,belgium-2026,L'Entre D'Eux,Pont-à-Celles,L'Entre D'Eux,Pont-à-Celles
michelin-2026-belgium-luxembourg,michelin,2026,,Bib Gourmand,,https://guide.michelin.com/us/en/bruxelles-capitale/be-saint-gilles/restaurant/anju-1208921,ANJU,Saint-Gilles,Belgium,restaurant,,€€,,belgium-2026,ANJU,Saint-Gilles,ANJU,Saint-Gilles
michelin-2026-belgium-luxembourg,michelin,2026,,Bib Gourmand,,https://guide.michelin.com/us/en/bruxelles-capitale/be-saint-gilles/restaurant/la-charcuterie,La Charcuterie,Saint-Gilles,Belgium,restaurant,,€€€,,belgium-2026,La Charcuterie,Saint-Gilles,La Charcuterie,Saint-Gilles
michelin-2026-belgium-luxembourg,michelin,2026,,Bib Gourmand,,https://guide.michelin.com/us/en/bruxelles-capitale/be-saint-gilles/restaurant/nenu,Nénu,Saint-Gilles,Belgium,restaurant,,€€,,belgium-2026,Nénu,Saint-Gilles,Nénu,Saint-Gilles
michelin-2026-belgium-luxembourg,michelin,2026,,Bib Gourmand,,https://guide.michelin.com/us/en/bruxelles-capitale/schaerbeek/restaurant/yoka-tomo,Yoka Tomo,Schaerbeek,Belgium,restaurant,,€€,,belgium-2026,Yoka Tomo,Schaerbeek,Yoka Tomo,Schaerbeek
michelin-2026-belgium-luxembourg,michelin,2026,,Bib Gourmand,,https://guide.michelin.com/us/en/oost-vlaanderen/sint-amandsberg/restaurant/boris-maurice,BORIS & MAURICE,Sint-Amandsberg,Belgium,restaurant,,€€,,belgium-2026,BORIS & MAURICE,Sint-Amandsberg,BORIS & MAURICE,Sint-Amandsberg
michelin-2026-belgium-luxembourg,michelin,2026,,Bib Gourmand,,https://guide.michelin.com/us/en/be-limburg/sint-truiden/restaurant/de-gebrande-winning,De Gebrande Winning,Sint-Truiden,Belgium,restaurant,,€€,,belgium-2026,De Gebrande Winning,Sint-Truiden,De Gebrande Winning,Sint-Truiden
michelin-2026-belgium-luxembourg,michelin,2026,,Bib Gourmand,,https://guide.michelin.com/us/en/west-vlaanderen/snaaskerke/restaurant/plat-prefere,Plat préféré,Snaaskerke,Belgium,restaurant,,€€,,belgium-2026,Plat préféré,Snaaskerke,Plat préféré,Snaaskerke
michelin-2026-belgium-luxembourg,michelin,2026,,Bib Gourmand,,https://guide.michelin.com/us/en/hainaut/soignies/restaurant/l-embellie210430,L'Embellie,Soignies,Belgium,restaurant,,€€,,belgium-2026,L'Embellie,Soignies,L'Embellie,Soignies
michelin-2026-belgium-luxembourg,michelin,2026,,Bib Gourmand,,https://guide.michelin.com/us/en/hainaut/thuillies/restaurant/la-petite-gayole-1217208,La Petite Gayole,Thuillies,Belgium,restaurant,,€€,,belgium-2026,La Petite Gayole,Thuillies,La Petite Gayole,Thuillies
michelin-2026-belgium-luxembourg,michelin,2026,,Bib Gourmand,,https://guide.michelin.com/us/en/hainaut/thuin_1066064/restaurant/bagu,Bagù,Thuin,Belgium,restaurant,,€€,,belgium-2026,Bagù,Thuin,Bagù,Thuin
michelin-2026-belgium-luxembourg,michelin,2026,,Bib Gourmand,,https://guide.michelin.com/us/en/bruxelles-capitale/uccle/restaurant/au-repos-de-la-montagne,Au repos de la montagne,Uccle,Belgium,restaurant,,€€,,belgium-2026,Au repos de la montagne,Uccle,Au repos de la montagne,Uccle
michelin-2026-belgium-luxembourg,michelin,2026,,Bib Gourmand,,https://guide.michelin.com/us/en/bruxelles-capitale/uccle/restaurant/la-branche-d-olivier,La Branche d'Olivier,Uccle,Belgium,restaurant,,€€,,belgium-2026,La Branche d'Olivier,Uccle,La Branche d'Olivier,Uccle
michelin-2026-belgium-luxembourg,michelin,2026,,Bib Gourmand,,https://guide.michelin.com/us/en/bruxelles-capitale/uccle/restaurant/stone-dial,Stone Dial,Uccle,Belgium,restaurant,,€€,,belgium-2026,Stone Dial,Uccle,Stone Dial,Uccle
michelin-2026-belgium-luxembourg,michelin,2026,,Bib Gourmand,,https://guide.michelin.com/us/en/liege/verviers/restaurant/au-dos-de-la-cuillere,Au Dos de la Cuillère,Verviers,Belgium,restaurant,,€€,,belgium-2026,Au Dos de la Cuillère,Verviers,Au Dos de la Cuillère,Verviers
michelin-2026-belgium-luxembourg,michelin,2026,,Bib Gourmand,,https://guide.michelin.com/us/en/liege/verviers/restaurant/le-coin-des-saveurs,Le Coin des Saveurs,Verviers,Belgium,restaurant,,€€,,belgium-2026,Le Coin des Saveurs,Verviers,Le Coin des Saveurs,Verviers
michelin-2026-belgium-luxembourg,michelin,2026,,Bib Gourmand,,https://guide.michelin.com/us/en/west-vlaanderen/veurne/restaurant/olijfboom,Olijfboom,Veurne,Belgium,restaurant,,€€,,belgium-2026,Olijfboom,Veurne,Olijfboom,Veurne
michelin-2026-belgium-luxembourg,michelin,2026,,Bib Gourmand,,https://guide.michelin.com/us/en/west-vlaanderen/vlissegem/restaurant/kok-sur-mer,Kok Sur Mer,Vlissegem,Belgium,restaurant,,€€,,belgium-2026,Kok Sur Mer,Vlissegem,Kok Sur Mer,Vlissegem
michelin-2026-belgium-luxembourg,michelin,2026,,Bib Gourmand,,https://guide.michelin.com/us/en/antwerpen/vosselaar/restaurant/de-farmasie,De Farmasie,Vosselaar,Belgium,restaurant,,€€,,belgium-2026,De Farmasie,Vosselaar,De Farmasie,Vosselaar
michelin-2026-belgium-luxembourg,michelin,2026,,Bib Gourmand,,https://guide.michelin.com/us/en/liege/wanze/restaurant/basta-209841,Basta!,Wanze,Belgium,restaurant,,€€,,belgium-2026,Basta!,Wanze,Basta!,Wanze
michelin-2026-belgium-luxembourg,michelin,2026,,Bib Gourmand,,https://guide.michelin.com/us/en/bruxelles-capitale/watermael-boitsfort/restaurant/babam,Babam,Watermael-Boitsfort,Belgium,restaurant,,€€,,belgium-2026,Babam,Watermael-Boitsfort,Babam,Watermael-Boitsfort
michelin-2026-belgium-luxembourg,michelin,2026,,Bib Gourmand,,https://guide.michelin.com/us/en/west-vlaanderen/watou/restaurant/terminus,Terminus,Watou,Belgium,restaurant,,€€,,belgium-2026,Terminus,Watou,Terminus,Watou
michelin-2026-belgium-luxembourg,michelin,2026,,Bib Gourmand,,https://guide.michelin.com/us/en/brabant-wallon/ways/restaurant/dis-moi-ou,dis-moi où ?,Ways,Belgium,restaurant,,€€,,belgium-2026,dis-moi où ?,Ways,dis-moi où ?,Ways
michelin-2026-belgium-luxembourg,michelin,2026,,Bib Gourmand,,https://guide.michelin.com/us/en/vlaams-brabant/wemmel/restaurant/faraya,Faraya,Wemmel,Belgium,restaurant,,€€,,belgium-2026,Faraya,Wemmel,Faraya,Wemmel
michelin-2026-belgium-luxembourg,michelin,2026,,Bib Gourmand,,https://guide.michelin.com/us/en/antwerpen/wilrijk/restaurant/den-bourgondier,Den Bourgondiër,Wilrijk,Belgium,restaurant,,€€,,belgium-2026,Den Bourgondiër,Wilrijk,Den Bourgondiër,Wilrijk
michelin-2026-belgium-luxembourg,michelin,2026,,Bib Gourmand,,https://guide.michelin.com/us/en/bruxelles-capitale/woluwe-saint-lambert/restaurant/de-maurice-a-olivier,De Maurice à Olivier,Woluwe-Saint-Lambert,Belgium,restaurant,,€€,,belgium-2026,De Maurice à Olivier,Woluwe-Saint-Lambert,De Maurice à Olivier,Woluwe-Saint-Lambert
michelin-2026-belgium-luxembourg,michelin,2026,,Bib Gourmand,,https://guide.michelin.com/us/en/namur/wpion/restaurant/chez-chen,Chez Chen Wépion,Wépion,Belgium,restaurant,,€€,,belgium-2026,Chez Chen Wépion,Wépion,Chez Chen Wépion,Wépion
michelin-2026-belgium-luxembourg,michelin,2026,,Bib Gourmand,,https://guide.michelin.com/us/en/region-wallonne/yvoir_1066436/restaurant/mona-lisa,Mona Lisa,Yvoir,Belgium,restaurant,,€€,,belgium-2026,Mona Lisa,Yvoir,Mona Lisa,Yvoir
michelin-2026-belgium-luxembourg,michelin,2026,,Two Stars,,https://guide.michelin.com/us/en/luxembourg/frisange/restaurant/lea-linster,Louis Linster,Frisange,Luxembourg,restaurant,,€€€€,,luxembourg-2026,Louis Linster,Frisange,Louis Linster,Frisange
michelin-2026-belgium-luxembourg,michelin,2026,,Two Stars,,https://guide.michelin.com/us/en/luxembourg/oetrange/restaurant/ma-langue-sourit,Ma Langue Sourit,Oetrange,Luxembourg,restaurant,,€€€€,,luxembourg-2026,Ma Langue Sourit,Oetrange,Ma Langue Sourit,Oetrange
michelin-2026-belgium-luxembourg,michelin,2026,,One Star,,https://guide.michelin.com/us/en/luxembourg/findel/restaurant/fields-by-rene-mathieu,Fields by René Mathieu,Findel,Luxembourg,restaurant,,€€€€,,luxembourg-2026,Fields by René Mathieu,Findel,Fields by René Mathieu,Findel
michelin-2026-belgium-luxembourg,michelin,2026,,One Star,,https://guide.michelin.com/us/en/grevenmacher/lauterborn/restaurant/archibald-de-prince,Archibald De Prince,Lauterborn,Luxembourg,restaurant,,€€€€,,luxembourg-2026,Archibald De Prince,Lauterborn,Archibald De Prince,Lauterborn
michelin-2026-belgium-luxembourg,michelin,2026,,One Star,,https://guide.michelin.com/us/en/luxembourg/luxembourg/restaurant/grunewald-chef-s-table,Grünewald Chef’s Table,Luxembourg,Luxembourg,restaurant,,€€€€,,luxembourg-2026,Grünewald Chef’s Table,Luxembourg,Grünewald Chef’s Table,Luxembourg
michelin-2026-belgium-luxembourg,michelin,2026,,One Star,,https://guide.michelin.com/us/en/luxembourg/luxembourg/restaurant/la-villa-de-camille-et-julien,La Villa de Camille et Julien,Luxembourg,Luxembourg,restaurant,,€€€,,luxembourg-2026,La Villa de Camille et Julien,Luxembourg,La Villa de Camille et Julien,Luxembourg
michelin-2026-belgium-luxembourg,michelin,2026,,One Star,,https://guide.michelin.com/us/en/luxembourg/luxembourg/restaurant/le-lys-1241469,Le Lys,Luxembourg,Luxembourg,restaurant,,€€€€,,luxembourg-2026,Le Lys,Luxembourg,Le Lys,Luxembourg
michelin-2026-belgium-luxembourg,michelin,2026,,One Star,,https://guide.michelin.com/us/en/luxembourg/luxembourg/restaurant/mosconi,Mosconi,Luxembourg,Luxembourg,restaurant,,€€€€,,luxembourg-2026,Mosconi,Luxembourg,Mosconi,Luxembourg
michelin-2026-belgium-luxembourg,michelin,2026,,One Star,,https://guide.michelin.com/us/en/luxembourg/luxembourg/restaurant/ryodo,Ryôdô,Luxembourg,Luxembourg,restaurant,,€€€€,,luxembourg-2026,Ryôdô,Luxembourg,Ryôdô,Luxembourg
michelin-2026-belgium-luxembourg,michelin,2026,,One Star,,https://guide.michelin.com/us/en/luxembourg/roeser/restaurant/fani,Fani,Roeser,Luxembourg,restaurant,,€€€€,,luxembourg-2026,Fani,Roeser,Fani,Roeser
michelin-2026-belgium-luxembourg,michelin,2026,,One Star,,https://guide.michelin.com/us/en/luxembourg/schouweiler/restaurant/guillou-campagne,Guillou Campagne,Schouweiler,Luxembourg,restaurant,,€€€€,,luxembourg-2026,Guillou Campagne,Schouweiler,Guillou Campagne,Schouweiler
michelin-2026-belgium-luxembourg,michelin,2026,,One Star,,https://guide.michelin.com/us/en/luxembourg/steinfort/restaurant/apdikt,Apdikt,Steinfort,Luxembourg,restaurant,,€€€,,luxembourg-2026,Apdikt,Steinfort,Apdikt,Steinfort
michelin-2026-belgium-luxembourg,michelin,2026,,Bib Gourmand,,https://guide.michelin.com/us/en/luxembourg/dudelange/restaurant/parc-le-h,Parc Le'h,Dudelange,Luxembourg,restaurant,,€€,,luxembourg-2026,Parc Le'h,Dudelange,Parc Le'h,Dudelange
michelin-2026-belgium-luxembourg,michelin,2026,,Bib Gourmand,,https://guide.michelin.com/us/en/diekirch/huldange/restaurant/k-restaurant,K restaurant,Huldange,Luxembourg,restaurant,,€€€,,luxembourg-2026,K restaurant,Huldange,K restaurant,Huldange
michelin-2026-belgium-luxembourg,michelin,2026,,Bib Gourmand,,https://guide.michelin.com/us/en/luxembourg/luxembourg/restaurant/bazaar,Bazaar,Luxembourg,Luxembourg,restaurant,,€€,,luxembourg-2026,Bazaar,Luxembourg,Bazaar,Luxembourg
