batch_key,source_id,year,rank,category,distinction,source_url,venue_name,city_label,country_label,venue_category,venue_status,price_symbol_raw,note
michelin-2026-spain,michelin,2026,,Three Stars,,https://guide.michelin.com/us/en/principado-de-asturias/arriondas/restaurant/casa-marcial,Casa Marcial,Arriondas,Spain,restaurant,,€€€€,
michelin-2026-spain,michelin,2026,,Three Stars,,https://guide.michelin.com/us/en/extremadura/cceres/restaurant/atrio,Atrio,Cáceres,Spain,restaurant,,€€€€,
michelin-2026-spain,michelin,2026,,Three Stars,,https://guide.michelin.com/us/en/cantabria/villaverde-de-pontones/restaurant/cenador-de-amos,Cenador de Amós,Villaverde de Pontones,Spain,restaurant,,€€€€,
michelin-2026-spain,michelin,2026,,Three Stars,,https://guide.michelin.com/us/en/pais-vasco/larrabetzu/restaurant/azurmendi,Azurmendi,Larrabetzu,Spain,restaurant,,€€€€,
michelin-2026-spain,michelin,2026,,Three Stars,,https://guide.michelin.com/us/en/andalucia/el-puerto-de-santa-maria/restaurant/aponiente,Aponiente,El Puerto de Santa María,Spain,restaurant,,€€€€,
michelin-2026-spain,michelin,2026,,Three Stars,,https://guide.michelin.com/us/en/comunidad-de-madrid/madrid/restaurant/diverxo,DiverXO,Madrid,Spain,restaurant,,€€€€,
michelin-2026-spain,michelin,2026,,Three Stars,,https://guide.michelin.com/us/en/pais-vasco/es-donostia-san-sebastian/restaurant/akelare,Akelaŕe,Donostia / San Sebastián,Spain,restaurant,,€€€€,
michelin-2026-spain,michelin,2026,,Three Stars,,https://guide.michelin.com/us/en/pais-vasco/lasarte-oria/restaurant/martin-berasategui,Martín Berasategui,Lasarte - Oria,Spain,restaurant,,€€€€,
michelin-2026-spain,michelin,2026,,Three Stars,,https://guide.michelin.com/us/en/pais-vasco/es-donostia-san-sebastian/restaurant/arzak,Arzak,Donostia / San Sebastián,Spain,restaurant,,€€€€,
michelin-2026-spain,michelin,2026,,Three Stars,,https://guide.michelin.com/us/en/andalucia/cordoba/restaurant/noor,Noor,Córdoba,Spain,restaurant,,€€€€,
michelin-2026-spain,michelin,2026,,Three Stars,,https://guide.michelin.com/us/en/comunidad-valenciana/dnia/restaurant/quique-dacosta,Quique Dacosta,Dénia,Spain,restaurant,,€€€€,
michelin-2026-spain,michelin,2026,,Three Stars,,https://guide.michelin.com/us/en/catalunya/barcelona/restaurant/abac,ABaC,Barcelona,Spain,restaurant,,€€€€,
michelin-2026-spain,michelin,2026,,Three Stars,,https://guide.michelin.com/us/en/catalunya/barcelona/restaurant/lasarte,Lasarte,Barcelona,Spain,restaurant,,€€€€,
michelin-2026-spain,michelin,2026,,Three Stars,,https://guide.michelin.com/us/en/catalunya/barcelona/restaurant/cocina-hermanos-torres,Cocina Hermanos Torres,Barcelona,Spain,restaurant,,€€€€,
michelin-2026-spain,michelin,2026,,Three Stars,,https://guide.michelin.com/us/en/catalunya/barcelona/restaurant/disfrutar,Disfrutar,Barcelona,Spain,restaurant,,€€€€,
michelin-2026-spain,michelin,2026,,Three Stars,,https://guide.michelin.com/us/en/catalunya/girona/restaurant/el-celler-de-can-roca,El Celler de Can Roca,Girona,Spain,restaurant,,€€€€,
michelin-2026-spain,michelin,2026,,Two Stars,,https://guide.michelin.com/us/en/canarias/gua-de-isora/restaurant/m-b,M.B,Guía de Isora,Spain,restaurant,,€€€€,
michelin-2026-spain,michelin,2026,,Two Stars,,https://guide.michelin.com/us/en/canarias/adeje/restaurant/el-rincon-de-juan-carlos-1194880,El Rincón de Juan Carlos,Adeje,Spain,restaurant,,€€€€,
michelin-2026-spain,michelin,2026,,Two Stars,,https://guide.michelin.com/us/en/galicia/santa-comba/restaurant/retiro-da-costina,Retiro da Costiña,Santa Comba,Spain,restaurant,,€€€€,
michelin-2026-spain,michelin,2026,,Two Stars,,https://guide.michelin.com/us/en/galicia/o-grove/restaurant/culler-de-pau,Culler de Pau,O Grove,Spain,restaurant,,€€€€,
michelin-2026-spain,michelin,2026,,Two Stars,,https://guide.michelin.com/us/en/galicia/raxo-(san-gregorio)_1412090/restaurant/pepe-vieira,Pepe Vieira,Raxó,Spain,restaurant,,€€€€,
michelin-2026-spain,michelin,2026,,Two Stars,,https://guide.michelin.com/us/en/andalucia/jerez-de-la-frontera/restaurant/lu-cocina-y-alma,LÚ Cocina y Alma,Jerez de la Frontera,Spain,restaurant,,€€€€,
michelin-2026-spain,michelin,2026,,Two Stars,,https://guide.michelin.com/us/en/la-rioja/ezcaray/restaurant/el-portal,El Portal de Echaurren,Ezcaray,Spain,restaurant,,€€€€,
michelin-2026-spain,michelin,2026,,Two Stars,,https://guide.michelin.com/us/en/andalucia/chiclana-de-la-frontera_1446717/restaurant/alevante,Alevante by Ángel León,Chiclana de la Frontera,Spain,restaurant,,€€€€,
michelin-2026-spain,michelin,2026,,Two Stars,,https://guide.michelin.com/us/en/castilla-la-mancha/es-toledo/restaurant/ivan-cerdeno,Iván Cerdeño,Toledo,Spain,restaurant,,€€€€,
michelin-2026-spain,michelin,2026,,Two Stars,,https://guide.michelin.com/us/en/comunidad-de-madrid/madrid/restaurant/deessa,Deessa,Madrid,Spain,restaurant,,€€€€,
michelin-2026-spain,michelin,2026,,Two Stars,,https://guide.michelin.com/us/en/comunidad-de-madrid/madrid/restaurant/coque,Coque,Madrid,Spain,restaurant,,€€€€,
michelin-2026-spain,michelin,2026,,Two Stars,,https://guide.michelin.com/us/en/comunidad-de-madrid/madrid/restaurant/dstage,DSTAgE,Madrid,Spain,restaurant,,€€€€,
michelin-2026-spain,michelin,2026,,Two Stars,,https://guide.michelin.com/us/en/comunidad-de-madrid/madrid/restaurant/la-terraza-del-casino,Paco Roncero,Madrid,Spain,restaurant,,€€€€,
michelin-2026-spain,michelin,2026,,Two Stars,,https://guide.michelin.com/us/en/comunidad-de-madrid/madrid/restaurant/smoked-room,Smoked Room,Madrid,Spain,restaurant,,€€€€,
michelin-2026-spain,michelin,2026,,Two Stars,,https://guide.michelin.com/us/en/comunidad-de-madrid/madrid/restaurant/ramon-freixa-atelier,Ramón Freixa Atelier,Madrid,Spain,restaurant,,€€€€,
michelin-2026-spain,michelin,2026,,Two Stars,,https://guide.michelin.com/us/en/la-rioja/daroca-de-rioja/restaurant/venta-moncalvillo,Venta Moncalvillo,Daroca de Rioja,Spain,restaurant,,€€€€,
michelin-2026-spain,michelin,2026,,Two Stars,,https://guide.michelin.com/us/en/pais-vasco/es-donostia-san-sebastian/restaurant/amelia-1191398,Amelia by Paulo Airaudo,Donostia / San Sebastián,Spain,restaurant,,€€€€,
michelin-2026-spain,michelin,2026,,Two Stars,,https://guide.michelin.com/us/en/pais-vasco/errenteria/restaurant/mugaritz,Mugaritz,Errenteria,Spain,restaurant,,€€€€,
michelin-2026-spain,michelin,2026,,Two Stars,,https://guide.michelin.com/us/en/andalucia/ronda/restaurant/bardal,Bardal,Ronda,Spain,restaurant,,€€€€,
michelin-2026-spain,michelin,2026,,Two Stars,,https://guide.michelin.com/us/en/comunidad-foral-de-navarra/urdaitz/restaurant/el-molino-de-urdaniz,Molino de Urdániz,Urdaitz,Spain,restaurant,,€€€€,
michelin-2026-spain,michelin,2026,,Two Stars,,https://guide.michelin.com/us/en/andalucia/marbella/restaurant/skina,Skina,Marbella,Spain,restaurant,,€€€€,
michelin-2026-spain,michelin,2026,,Two Stars,,https://guide.michelin.com/us/en/castilla-la-mancha/almansa/restaurant/maralba,Maralba,Almansa,Spain,restaurant,,€€€€,
michelin-2026-spain,michelin,2026,,Two Stars,,https://guide.michelin.com/us/en/catalunya/bellvis/restaurant/la-boscana,La Boscana,Bellvís,Spain,restaurant,,€€€€,
michelin-2026-spain,michelin,2026,,Two Stars,,https://guide.michelin.com/us/en/comunidad-valenciana/valencia/restaurant/ricard-camarena,Ricard Camarena Restaurant,Valencia,Spain,restaurant,,€€€€,
michelin-2026-spain,michelin,2026,,Two Stars,,https://guide.michelin.com/us/en/comunidad-valenciana/valencia/restaurant/flores-raras,Flores Raras,Valencia,Spain,restaurant,,€€€€,
michelin-2026-spain,michelin,2026,,Two Stars,,https://guide.michelin.com/us/en/region-de-murcia/region-de-murcia-el-palmar/restaurant/cabana-buenavista,Cabaña Buenavista,El Palmar,Spain,restaurant,,€€€€,
michelin-2026-spain,michelin,2026,,Two Stars,,https://guide.michelin.com/us/en/comunidad-valenciana/cocentaina/restaurant/l-escaleta,L'Escaleta,Cocentaina,Spain,restaurant,,€€€€,
michelin-2026-spain,michelin,2026,,Two Stars,,https://guide.michelin.com/us/en/comunidad-valenciana/xbia/restaurant/bonamb,BonAmb,Xàbia,Spain,restaurant,,€€€€,
michelin-2026-spain,michelin,2026,,Two Stars,,https://guide.michelin.com/us/en/catalunya/olot/restaurant/les-cols,Les Cols,Olot,Spain,restaurant,,€€€€,
michelin-2026-spain,michelin,2026,,Two Stars,,https://guide.michelin.com/us/en/catalunya/barcelona/restaurant/cinc-sentits,Cinc Sentits,Barcelona,Spain,restaurant,,€€€€,
michelin-2026-spain,michelin,2026,,Two Stars,,https://guide.michelin.com/us/en/catalunya/barcelona/restaurant/aleia,Aleia,Barcelona,Spain,restaurant,,€€€€,
michelin-2026-spain,michelin,2026,,Two Stars,,https://guide.michelin.com/us/en/catalunya/barcelona/restaurant/enigma,Enigma,Barcelona,Spain,restaurant,,€€€€,
michelin-2026-spain,michelin,2026,,Two Stars,,https://guide.michelin.com/us/en/catalunya/barcelona/restaurant/mont-bar,Mont Bar,Barcelona,Spain,restaurant,,€€€,
michelin-2026-spain,michelin,2026,,Two Stars,,https://guide.michelin.com/us/en/catalunya/barcelona/restaurant/enoteca204150,Enoteca Paco Pérez,Barcelona,Spain,restaurant,,€€€€,
michelin-2026-spain,michelin,2026,,Two Stars,,https://guide.michelin.com/us/en/catalunya/llan/restaurant/miramar,Miramar,Llançà,Spain,restaurant,,€€€€,
michelin-2026-spain,michelin,2026,,Two Stars,,https://guide.michelin.com/us/en/catalunya/corca/restaurant/bo-tic,Bo.TiC,Corçà,Spain,restaurant,,€€€€,
michelin-2026-spain,michelin,2026,,Two Stars,,https://guide.michelin.com/us/en/islas-baleares/canyamel/restaurant/voro,Voro,Canyamel,Spain,restaurant,,€€€€,
michelin-2026-spain,michelin,2026,,One Star,,https://guide.michelin.com/us/en/canarias/adeje/restaurant/san-ho,San-Hô,Adeje,Spain,restaurant,,€€€,
michelin-2026-spain,michelin,2026,,One Star,,https://guide.michelin.com/us/en/canarias/adeje/restaurant/il-bocconcino-by-royal-hideaway,Il Bocconcino by Royal Hideaway,Adeje,Spain,restaurant,,€€€,
michelin-2026-spain,michelin,2026,,One Star,,https://guide.michelin.com/us/en/canarias/adeje/restaurant/haydee-by-victor-suarez,Haydée by Víctor Suárez,Adeje,Spain,restaurant,,€€€€,
michelin-2026-spain,michelin,2026,,One Star,,https://guide.michelin.com/us/en/canarias/adeje/restaurant/nub-1194862,Nub,Adeje,Spain,restaurant,,€€€€,
michelin-2026-spain,michelin,2026,,One Star,,https://guide.michelin.com/us/en/canarias/adeje/restaurant/donaire,Donaire,Adeje,Spain,restaurant,,€€€,
michelin-2026-spain,michelin,2026,,One Star,,https://guide.michelin.com/us/en/canarias/playa-de-las-americas/restaurant/taste-1973,Taste 1973,Playa de las Américas,Spain,restaurant,,€€€€,
michelin-2026-spain,michelin,2026,,One Star,,https://guide.michelin.com/us/en/canarias/puerto-de-la-cruz/restaurant/el-taller-seve-diaz,El Taller Seve Díaz,Puerto de la Cruz,Spain,restaurant,,€€€,
michelin-2026-spain,michelin,2026,,One Star,,https://guide.michelin.com/us/en/galicia/fisterra/restaurant/terra-1204404,Terra,Fisterra,Spain,restaurant,,€€€,
michelin-2026-spain,michelin,2026,,One Star,,https://guide.michelin.com/us/en/galicia/barizo/restaurant/as-garzas,As Garzas,Barizo,Spain,restaurant,,€€€,
michelin-2026-spain,michelin,2026,,One Star,,https://guide.michelin.com/us/en/galicia/a-corua/restaurant/arbore-da-veira,Árbore da Veira,A Coruña,Spain,restaurant,,€€€,
michelin-2026-spain,michelin,2026,,One Star,,https://guide.michelin.com/us/en/galicia/cambados/restaurant/yayo-daporta,Yayo Daporta,Cambados,Spain,restaurant,,€€€,
michelin-2026-spain,michelin,2026,,One Star,,https://guide.michelin.com/us/en/galicia/padron/restaurant/o-pazo,Asador O'Pazo,Padrón,Spain,restaurant,,€€€€,
michelin-2026-spain,michelin,2026,,One Star,,https://guide.michelin.com/us/en/canarias/mogan/restaurant/los-guayres,Los Guayres,Mogán,Spain,restaurant,,€€€€,
michelin-2026-spain,michelin,2026,,One Star,,https://guide.michelin.com/us/en/galicia/santiago-de-compostela/restaurant/a-tafona,A Tafona,Santiago de Compostela,Spain,restaurant,,€€€€,
michelin-2026-spain,michelin,2026,,One Star,,https://guide.michelin.com/us/en/galicia/santiago-de-compostela/restaurant/casa-marcelo,Casa Marcelo,Santiago de Compostela,Spain,restaurant,,€€€€,
michelin-2026-spain,michelin,2026,,One Star,,https://guide.michelin.com/us/en/galicia/san-salvador-de-poio/restaurant/solla,Solla,San Salvador de Poio,Spain,restaurant,,€€€€,
michelin-2026-spain,michelin,2026,,One Star,,https://guide.michelin.com/us/en/canarias/patalavaca/restaurant/la-aquarela,La Aquarela,Patalavaca,Spain,restaurant,,€€€€,
michelin-2026-spain,michelin,2026,,One Star,,https://guide.michelin.com/us/en/galicia/vigo/restaurant/maruja-limon,Maruja Limón,Vigo,Spain,restaurant,,€€€,
michelin-2026-spain,michelin,2026,,One Star,,https://guide.michelin.com/us/en/galicia/vigo/restaurant/silabario,Silabario,Vigo,Spain,restaurant,,€€€,
michelin-2026-spain,michelin,2026,,One Star,,https://guide.michelin.com/us/en/galicia/pontevedra/restaurant/eirado-da-lena,Eirado,Pontevedra,Spain,restaurant,,€€€,
michelin-2026-spain,michelin,2026,,One Star,,https://guide.michelin.com/us/en/canarias/las-palmas-de-gran-canaria/restaurant/tabaiba,Tabaiba,Las Palmas de Gran Canaria,Spain,restaurant,,€€€€,
michelin-2026-spain,michelin,2026,,One Star,,https://guide.michelin.com/us/en/canarias/las-palmas-de-gran-canaria/restaurant/poemas-by-hermanos-padron,Poemas by Hermanos Padrón,Las Palmas de Gran Canaria,Spain,restaurant,,€€€€,
michelin-2026-spain,michelin,2026,,One Star,,https://guide.michelin.com/us/en/canarias/las-palmas-de-gran-canaria/restaurant/muxgo,Muxgo,Las Palmas de Gran Canaria,Spain,restaurant,,€€€€,
michelin-2026-spain,michelin,2026,,One Star,,https://guide.michelin.com/us/en/galicia/ourense/restaurant/nova,Nova,Ourense,Spain,restaurant,,€€€,
michelin-2026-spain,michelin,2026,,One Star,,https://guide.michelin.com/us/en/galicia/ourense/restaurant/ceibe,Ceibe,Ourense,Spain,restaurant,,€€€€,
michelin-2026-spain,michelin,2026,,One Star,,https://guide.michelin.com/us/en/galicia/ourense/restaurant/miguel-gonzalez,Miguel González,Ourense,Spain,restaurant,,€€€,
michelin-2026-spain,michelin,2026,,One Star,,https://guide.michelin.com/us/en/galicia/sober_3313368/restaurant/vertigo-1205008,Vértigo,Sober,Spain,restaurant,,€€€,
michelin-2026-spain,michelin,2026,,One Star,,https://guide.michelin.com/us/en/principado-de-asturias/ortiguera/restaurant/ferpel,Ferpel Gastronómico,Ortiguera,Spain,restaurant,,€€€€,
michelin-2026-spain,michelin,2026,,One Star,,https://guide.michelin.com/us/en/canarias/playa-blanca/restaurant/kamezi,Kamezí,Playa Blanca,Spain,restaurant,,€€€€,
michelin-2026-spain,michelin,2026,,One Star,,https://guide.michelin.com/us/en/principado-de-asturias/tox/restaurant/regueiro,Regueiro,Tox,Spain,restaurant,,€€€,
michelin-2026-spain,michelin,2026,,One Star,,https://guide.michelin.com/us/en/castilla-y-leon/ponferrada/restaurant/mu%E2%80%A2na,Mu•na,Ponferrada,Spain,restaurant,,€€€€,
michelin-2026-spain,michelin,2026,,One Star,,https://guide.michelin.com/us/en/principado-de-asturias/es-salinas/restaurant/real-balneario,Real Balneario,Salinas,Spain,restaurant,,€€€€,
michelin-2026-spain,michelin,2026,,One Star,,https://guide.michelin.com/us/en/principado-de-asturias/prendes/restaurant/casa-gerardo,Casa Gerardo,Prendes,Spain,restaurant,,€€€,
michelin-2026-spain,michelin,2026,,One Star,,https://guide.michelin.com/us/en/principado-de-asturias/gijon/restaurant/auga,Auga,Gijón,Spain,restaurant,,€€€,
michelin-2026-spain,michelin,2026,,One Star,,https://guide.michelin.com/us/en/principado-de-asturias/gijon/restaurant/marcos,Marcos,Gijón,Spain,restaurant,,€€€€,
michelin-2026-spain,michelin,2026,,One Star,,https://guide.michelin.com/us/en/principado-de-asturias/san-feliz/restaurant/monte-1190765,Monte,San Feliz,Spain,restaurant,,€€€€,
michelin-2026-spain,michelin,2026,,One Star,,https://guide.michelin.com/us/en/principado-de-asturias/arriondas/restaurant/el-corral-del-indianu,El Corral del Indianu,Arriondas,Spain,restaurant,,€€€,
michelin-2026-spain,michelin,2026,,One Star,,https://guide.michelin.com/us/en/castilla-y-leon/leon/restaurant/cocinandos,Cocinandos,Leon,Spain,restaurant,,€€€,
michelin-2026-spain,michelin,2026,,One Star,,https://guide.michelin.com/us/en/castilla-y-leon/leon/restaurant/pablo,Pablo,Leon,Spain,restaurant,,€€€,
michelin-2026-spain,michelin,2026,,One Star,,https://guide.michelin.com/us/en/principado-de-asturias/ribadesella/restaurant/ayalga,Ayalga Villa Rosario,Ribadesella,Spain,restaurant,,€€€€,
michelin-2026-spain,michelin,2026,,One Star,,https://guide.michelin.com/us/en/castilla-y-leon/benavente/restaurant/el-ermitano,El Ermitaño,Benavente,Spain,restaurant,,€€€,
michelin-2026-spain,michelin,2026,,One Star,,https://guide.michelin.com/us/en/principado-de-asturias/llanes/restaurant/el-retiro,El Retiro,Llanes,Spain,restaurant,,€€€€,
michelin-2026-spain,michelin,2026,,One Star,,https://guide.michelin.com/us/en/castilla-y-leon/castroverde-de-campos/restaurant/lera,Lera,Castroverde de Campos,Spain,restaurant,,€€€€,
michelin-2026-spain,michelin,2026,,One Star,,https://guide.michelin.com/us/en/extremadura/zarza-de-granadilla/restaurant/versatil,Versátil,Zarza de Granadilla,Spain,restaurant,,€€€,
michelin-2026-spain,michelin,2026,,One Star,,https://guide.michelin.com/us/en/castilla-y-leon/salamanca/restaurant/victor-gutierrez,Tayta by Víctor Gutiérrez,Salamanca,Spain,restaurant,,€€€€,
michelin-2026-spain,michelin,2026,,One Star,,https://guide.michelin.com/us/en/castilla-y-leon/salamanca/restaurant/en-la-parra,En la Parra,Salamanca,Spain,restaurant,,€€€,
michelin-2026-spain,michelin,2026,,One Star,,https://guide.michelin.com/us/en/cantabria/santander/restaurant/casona-del-judio,Casona del Judío,Santander,Spain,restaurant,,€€€€,
michelin-2026-spain,michelin,2026,,One Star,,https://guide.michelin.com/us/en/castilla-y-leon/valladolid/restaurant/trigo,Trigo,Valladolid,Spain,restaurant,,€€€,
michelin-2026-spain,michelin,2026,,One Star,,https://guide.michelin.com/us/en/cantabria/santander/restaurant/el-serbal-1197026,El Serbal,Santander,Spain,restaurant,,€€€,
michelin-2026-spain,michelin,2026,,One Star,,https://guide.michelin.com/us/en/castilla-y-leon/valladolid/restaurant/alquimia,Alquimia - Laboratorio,Valladolid,Spain,restaurant,,€€€,
michelin-2026-spain,michelin,2026,,One Star,,https://guide.michelin.com/us/en/castilla-y-leon/matapozuelos/restaurant/la-botica,La Botica de Matapozuelos,Matapozuelos,Spain,restaurant,,€€€,
michelin-2026-spain,michelin,2026,,One Star,,https://guide.michelin.com/us/en/cantabria/hoznayo/restaurant/la-bicicleta,La Bicicleta,Hoznayo,Spain,restaurant,,€€€€,
michelin-2026-spain,michelin,2026,,One Star,,https://guide.michelin.com/us/en/castilla-y-leon/sardon-de-duero/restaurant/refectorio,Refectorio,Sardón de Duero,Spain,restaurant,,€€€€,
michelin-2026-spain,michelin,2026,,One Star,,https://guide.michelin.com/us/en/cantabria/carasa_7770389/restaurant/pico-velasco,Pico Velasco,Carasa,Spain,restaurant,,€€€,
michelin-2026-spain,michelin,2026,,One Star,,https://guide.michelin.com/us/en/cantabria/ampuero/restaurant/solana,Solana,Ampuero,Spain,restaurant,,€€€,
michelin-2026-spain,michelin,2026,,One Star,,https://guide.michelin.com/us/en/castilla-y-leon/quintanilla-de-onesimo/restaurant/taller,Taller Arzuaga,Quintanilla de Onésimo,Spain,restaurant,,€€€€,
michelin-2026-spain,michelin,2026,,One Star,,https://guide.michelin.com/us/en/castilla-y-leon/avila/restaurant/barro,Barro,Ávila,Spain,restaurant,,€€€€,
michelin-2026-spain,michelin,2026,,One Star,,https://guide.michelin.com/us/en/castilla-y-leon/burgos/restaurant/ricardo-temino,Ricardo Temiño,Burgos,Spain,restaurant,,€€€€,
michelin-2026-spain,michelin,2026,,One Star,,https://guide.michelin.com/us/en/castilla-y-leon/burgos/restaurant/cobo-evolucion,Cobo Evolución,Burgos,Spain,restaurant,,€€€€,
michelin-2026-spain,michelin,2026,,One Star,,https://guide.michelin.com/us/en/castilla-y-leon/penafiel/restaurant/ambivium,Ambivium,Peñafiel,Spain,restaurant,,€€€€,
michelin-2026-spain,michelin,2026,,One Star,,https://guide.michelin.com/us/en/castilla-la-mancha/talavera-de-la-reina/restaurant/raices-carlos-maldonado,Raíces-Carlos Maldonado,Talavera de la Reina,Spain,restaurant,,€€€,
michelin-2026-spain,michelin,2026,,One Star,,https://guide.michelin.com/us/en/pais-vasco/bilbao/restaurant/ola-martin-berasategui,Ola Martín Berasategui,Bilbao,Spain,restaurant,,€€€€,
michelin-2026-spain,michelin,2026,,One Star,,https://guide.michelin.com/us/en/pais-vasco/bilbao/restaurant/zarate,Zarate,Bilbao,Spain,restaurant,,€€€,
michelin-2026-spain,michelin,2026,,One Star,,https://guide.michelin.com/us/en/pais-vasco/bilbao/restaurant/mina,Mina,Bilbao,Spain,restaurant,,€€€€,
michelin-2026-spain,michelin,2026,,One Star,,https://guide.michelin.com/us/en/pais-vasco/bilbao/restaurant/islares,Islares,Bilbao,Spain,restaurant,,€€€€,
michelin-2026-spain,michelin,2026,,One Star,,https://guide.michelin.com/us/en/pais-vasco/bilbao/restaurant/nerua-guggenheim-bilbao,Nerua Guggenheim Bilbao,Bilbao,Spain,restaurant,,€€€€,
michelin-2026-spain,michelin,2026,,One Star,,https://guide.michelin.com/us/en/pais-vasco/mungia_1403141/restaurant/bakea,Bakea,Mungia,Spain,restaurant,,€€€,
michelin-2026-spain,michelin,2026,,One Star,,https://guide.michelin.com/us/en/andalucia/sevilla/restaurant/canabota,Cañabota,Seville,Spain,restaurant,,€€€,
michelin-2026-spain,michelin,2026,,One Star,,https://guide.michelin.com/us/en/andalucia/sevilla/restaurant/abantal,Abantal,Seville,Spain,restaurant,,€€€€,
michelin-2026-spain,michelin,2026,,One Star,,https://guide.michelin.com/us/en/pais-vasco/galdakao/restaurant/andra-mari220169,Andra Mari,Galdakao,Spain,restaurant,,€€€,
michelin-2026-spain,michelin,2026,,One Star,,https://guide.michelin.com/us/en/pais-vasco/larrabetzu/restaurant/eneko,Eneko,Larrabetzu,Spain,restaurant,,€€€,
michelin-2026-spain,michelin,2026,,One Star,,https://guide.michelin.com/us/en/pais-vasco/amorebieta-etxano/restaurant/la-revelia,La Revelía,Amorebieta - Etxano,Spain,restaurant,,€€,
michelin-2026-spain,michelin,2026,,One Star,,https://guide.michelin.com/us/en/pais-vasco/amorebieta-etxano/restaurant/boroa,Boroa,Amorebieta - Etxano,Spain,restaurant,,€€€,
michelin-2026-spain,michelin,2026,,One Star,,https://guide.michelin.com/us/en/andalucia/cadiz/restaurant/mare-1213853,Mare,Cadiz,Spain,restaurant,,€€€,
michelin-2026-spain,michelin,2026,,One Star,,https://guide.michelin.com/us/en/comunidad-de-madrid/san-lorenzo-de-el-escorial/restaurant/montia-1196081,Montia,San Lorenzo de El Escorial,Spain,restaurant,,€€€€,
michelin-2026-spain,michelin,2026,,One Star,,https://guide.michelin.com/us/en/andalucia/cadiz/restaurant/codigo-de-barra,Código de Barra,Cadiz,Spain,restaurant,,€€€€,
michelin-2026-spain,michelin,2026,,One Star,,https://guide.michelin.com/us/en/andalucia/los-rosales_3888074/restaurant/ochando,Ochando,Los Rosales,Spain,restaurant,,€,
michelin-2026-spain,michelin,2026,,One Star,,https://guide.michelin.com/us/en/pais-vasco/dima/restaurant/garena,Garena,Dima,Spain,restaurant,,€€€€,
michelin-2026-spain,michelin,2026,,One Star,,https://guide.michelin.com/us/en/castilla-y-leon/miranda-de-ebro/restaurant/alejandro-serrano,Alejandro Serrano,Miranda de Ebro,Spain,restaurant,,€€€€,
michelin-2026-spain,michelin,2026,,One Star,,https://guide.michelin.com/us/en/andalucia/jerez-de-la-frontera/restaurant/mantua,Mantúa,Jerez de la Frontera,Spain,restaurant,,€€€€,
michelin-2026-spain,michelin,2026,,One Star,,https://guide.michelin.com/us/en/comunidad-de-madrid/valdemorillo/restaurant/la-casa-de-manolo-franco,La Casa de Manolo Franco,Valdemorillo,Spain,restaurant,,€€€,
michelin-2026-spain,michelin,2026,,One Star,,https://guide.michelin.com/us/en/pais-vasco/axpe/restaurant/txispa,Txispa,Axpe,Spain,restaurant,,€€€€,
michelin-2026-spain,michelin,2026,,One Star,,https://guide.michelin.com/us/en/pais-vasco/axpe/restaurant/etxebarri,Etxebarri,Axpe,Spain,restaurant,,€€€€,
michelin-2026-spain,michelin,2026,,One Star,,https://guide.michelin.com/us/en/la-rioja/haro/restaurant/nublo,Nublo,Haro,Spain,restaurant,,€€€€,
michelin-2026-spain,michelin,2026,,One Star,,https://guide.michelin.com/us/en/comunidad-de-madrid/pozuelo-de-alarcon/restaurant/ancestral-1241234,Ancestral,Pozuelo de Alarcón,Spain,restaurant,,€€€€,
michelin-2026-spain,michelin,2026,,One Star,,https://guide.michelin.com/us/en/castilla-y-leon/navaleno/restaurant/la-lobita,La Lobita,Navaleno,Spain,restaurant,,€€€€,
michelin-2026-spain,michelin,2026,,One Star,,https://guide.michelin.com/us/en/pais-vasco/getaria/restaurant/elkano,Elkano,Getaria,Spain,restaurant,,€€€€,
michelin-2026-spain,michelin,2026,,One Star,,https://guide.michelin.com/us/en/comunidad-de-madrid/madrid/restaurant/osa,OSA,Madrid,Spain,restaurant,,€€€€,
michelin-2026-spain,michelin,2026,,One Star,,https://guide.michelin.com/us/en/comunidad-de-madrid/madrid/restaurant/emi,EMi,Madrid,Spain,restaurant,,€€€€,
michelin-2026-spain,michelin,2026,,One Star,,https://guide.michelin.com/us/en/comunidad-de-madrid/madrid/restaurant/clos-madrid,Clos Madrid,Madrid,Spain,restaurant,,€€€,
michelin-2026-spain,michelin,2026,,One Star,,https://guide.michelin.com/us/en/comunidad-de-madrid/madrid/restaurant/desde-1911,Desde 1911,Madrid,Spain,restaurant,,€€€€,
michelin-2026-spain,michelin,2026,,One Star,,https://guide.michelin.com/us/en/castilla-la-mancha/illescas/restaurant/el-bohio,El Bohío,Illescas,Spain,restaurant,,€€€€,
michelin-2026-spain,michelin,2026,,One Star,,https://guide.michelin.com/us/en/comunidad-de-madrid/madrid/restaurant/la-tasqueria,La Tasquería,Madrid,Spain,restaurant,,€€€,
michelin-2026-spain,michelin,2026,,One Star,,https://guide.michelin.com/us/en/comunidad-de-madrid/madrid/restaurant/saddle,Saddle,Madrid,Spain,restaurant,,€€€€,
michelin-2026-spain,michelin,2026,,One Star,,https://guide.michelin.com/us/en/comunidad-de-madrid/madrid/restaurant/yugo,Yugo The Bunker,Madrid,Spain,restaurant,,€€€€,
michelin-2026-spain,michelin,2026,,One Star,,https://guide.michelin.com/us/en/comunidad-de-madrid/madrid/restaurant/a-barra,A'Barra,Madrid,Spain,restaurant,,€€€€,
michelin-2026-spain,michelin,2026,,One Star,,https://guide.michelin.com/us/en/comunidad-de-madrid/madrid/restaurant/quimbaya,Quimbaya,Madrid,Spain,restaurant,,€€€€,
michelin-2026-spain,michelin,2026,,One Star,,https://guide.michelin.com/us/en/comunidad-de-madrid/madrid/restaurant/el-invernadero,El Invernadero,Madrid,Spain,restaurant,,€€€€,
michelin-2026-spain,michelin,2026,,One Star,,https://guide.michelin.com/us/en/comunidad-de-madrid/madrid/restaurant/ugo-chan,Ugo Chan,Madrid,Spain,restaurant,,€€€€,
michelin-2026-spain,michelin,2026,,One Star,,https://guide.michelin.com/us/en/comunidad-de-madrid/madrid/restaurant/cebo-1203091,CEBO,Madrid,Spain,restaurant,,€€€€,
michelin-2026-spain,michelin,2026,,One Star,,https://guide.michelin.com/us/en/comunidad-de-madrid/madrid/restaurant/sen-omakase,Sen Omakase,Madrid,Spain,restaurant,,€€€€,
michelin-2026-spain,michelin,2026,,One Star,,https://guide.michelin.com/us/en/comunidad-de-madrid/madrid/restaurant/gofio-by-cicero-canary,Gofio,Madrid,Spain,restaurant,,€€€€,
michelin-2026-spain,michelin,2026,,One Star,,https://guide.michelin.com/us/en/comunidad-de-madrid/madrid/restaurant/gaytan,Gaytán,Madrid,Spain,restaurant,,€€€€,
michelin-2026-spain,michelin,2026,,One Star,,https://guide.michelin.com/us/en/comunidad-de-madrid/madrid/restaurant/corral-de-la-moreria-gastronomico,Corral de la Morería Gastronómico,Madrid,Spain,restaurant,,€€€€,
michelin-2026-spain,michelin,2026,,One Star,,https://guide.michelin.com/us/en/comunidad-de-madrid/madrid/restaurant/toki-1205025,Toki,Madrid,Spain,restaurant,,€€€€,
michelin-2026-spain,michelin,2026,,One Star,,https://guide.michelin.com/us/en/comunidad-de-madrid/madrid/restaurant/chispa-bistro,Chispa Bistró,Madrid,Spain,restaurant,,€€€,
michelin-2026-spain,michelin,2026,,One Star,,https://guide.michelin.com/us/en/comunidad-de-madrid/madrid/restaurant/velascoabella,VelascoAbellà,Madrid,Spain,restaurant,,€€€€,
michelin-2026-spain,michelin,2026,,One Star,,https://guide.michelin.com/us/en/comunidad-de-madrid/madrid/restaurant/pabu,Pabú,Madrid,Spain,restaurant,,€€€€,
michelin-2026-spain,michelin,2026,,One Star,,https://guide.michelin.com/us/en/comunidad-de-madrid/madrid/restaurant/ravioxo,RavioXO,Madrid,Spain,restaurant,,€€€€,
michelin-2026-spain,michelin,2026,,One Star,,https://guide.michelin.com/us/en/comunidad-de-madrid/madrid/restaurant/eter,Èter,Madrid,Spain,restaurant,,€€€,
michelin-2026-spain,michelin,2026,,One Star,,https://guide.michelin.com/us/en/pais-vasco/es-donostia-san-sebastian/restaurant/itzuli,Itzuli,Donostia / San Sebastián,Spain,restaurant,,€€€,
michelin-2026-spain,michelin,2026,,One Star,,https://guide.michelin.com/us/en/pais-vasco/santa-cruz-de-campezo/restaurant/arrea,ARREA!,Santa Cruz de Campezo,Spain,restaurant,,€€€€,
michelin-2026-spain,michelin,2026,,One Star,,https://guide.michelin.com/us/en/pais-vasco/es-donostia-san-sebastian/restaurant/kokotxa,Kokotxa,Donostia / San Sebastián,Spain,restaurant,,€€€€,
michelin-2026-spain,michelin,2026,,One Star,,https://guide.michelin.com/us/en/la-rioja/logrono/restaurant/kiro-sushi,Kiro Sushi,Logrono,Spain,restaurant,,€€€€,
michelin-2026-spain,michelin,2026,,One Star,,https://guide.michelin.com/us/en/pais-vasco/es-donostia-san-sebastian/restaurant/ibai-by-paulo-airaudo,iBAi by Paulo Airaudo,Donostia / San Sebastián,Spain,restaurant,,€€€€,
michelin-2026-spain,michelin,2026,,One Star,,https://guide.michelin.com/us/en/la-rioja/logrono/restaurant/ajonegro,Ajonegro,Logrono,Spain,restaurant,,€€€,
michelin-2026-spain,michelin,2026,,One Star,,https://guide.michelin.com/us/en/pais-vasco/tolosa/restaurant/ama,Ama,Tolosa,Spain,restaurant,,€€€,
michelin-2026-spain,michelin,2026,,One Star,,https://guide.michelin.com/us/en/comunidad-de-madrid/valdemoro/restaurant/chiron,Chirón,Valdemoro,Spain,restaurant,,€€€,
michelin-2026-spain,michelin,2026,,One Star,,https://guide.michelin.com/us/en/la-rioja/logrono/restaurant/ikaro,Ikaro,Logrono,Spain,restaurant,,€€€,
michelin-2026-spain,michelin,2026,,One Star,,https://guide.michelin.com/us/en/andalucia/cordoba/restaurant/recomiendo,ReComiendo,Córdoba,Spain,restaurant,,€€€,
michelin-2026-spain,michelin,2026,,One Star,,https://guide.michelin.com/us/en/andalucia/cordoba/restaurant/choco,Choco,Córdoba,Spain,restaurant,,€€€€,
michelin-2026-spain,michelin,2026,,One Star,,https://guide.michelin.com/us/en/pais-vasco/hondarribia/restaurant/alameda220551,Alameda,Hondarribia,Spain,restaurant,,€€€€,
michelin-2026-spain,michelin,2026,,One Star,,https://guide.michelin.com/us/en/andalucia/alcal-del-valle/restaurant/meson-sabor-andaluz,Mesón Sabor Andaluz,Alcalá del Valle,Spain,restaurant,,€€€,
michelin-2026-spain,michelin,2026,,One Star,,https://guide.michelin.com/us/en/castilla-la-mancha/siguenza/restaurant/el-doncel,El Doncel,Sigüenza,Spain,restaurant,,€€€,
michelin-2026-spain,michelin,2026,,One Star,,https://guide.michelin.com/us/en/castilla-la-mancha/siguenza/restaurant/el-molino-de-alcuneza,El Molino de Alcuneza,Sigüenza,Spain,restaurant,,€€€,
michelin-2026-spain,michelin,2026,,One Star,,https://guide.michelin.com/us/en/comunidad-foral-de-navarra/pamplona/restaurant/rodero,Rodero,Pamplona,Spain,restaurant,,€€€,
michelin-2026-spain,michelin,2026,,One Star,,https://guide.michelin.com/us/en/comunidad-foral-de-navarra/pamplona/restaurant/europa,Europa,Pamplona,Spain,restaurant,,€€€€,
michelin-2026-spain,michelin,2026,,One Star,,https://guide.michelin.com/us/en/comunidad-foral-de-navarra/pamplona/restaurant/kabo,Kabo,Pamplona,Spain,restaurant,,€€€,
michelin-2026-spain,michelin,2026,,One Star,,https://guide.michelin.com/us/en/andalucia/marbella/restaurant/nintai,Nintai,Marbella,Spain,restaurant,,€€€€,
michelin-2026-spain,michelin,2026,,One Star,,https://guide.michelin.com/us/en/andalucia/marbella/restaurant/messina,Messina,Marbella,Spain,restaurant,,€€€€,
michelin-2026-spain,michelin,2026,,One Star,,https://guide.michelin.com/us/en/andalucia/marbella/restaurant/back,BACK,Marbella,Spain,restaurant,,€€€,
michelin-2026-spain,michelin,2026,,One Star,,https://guide.michelin.com/us/en/andalucia/fuengirola/restaurant/sollo,Sollo,Fuengirola,Spain,restaurant,,€€€€,
michelin-2026-spain,michelin,2026,,One Star,,https://guide.michelin.com/us/en/andalucia/malaga/restaurant/palodu,Palodú,Malaga,Spain,restaurant,,€€€€,
michelin-2026-spain,michelin,2026,,One Star,,https://guide.michelin.com/us/en/andalucia/malaga/restaurant/kaleja,Kaleja,Malaga,Spain,restaurant,,€€€,
michelin-2026-spain,michelin,2026,,One Star,,https://guide.michelin.com/us/en/andalucia/malaga/restaurant/blossom-1202609,Blossom,Malaga,Spain,restaurant,,€€€€,
michelin-2026-spain,michelin,2026,,One Star,,https://guide.michelin.com/us/en/andalucia/malaga/restaurant/jose-carlos-garcia,José Carlos García,Malaga,Spain,restaurant,,€€€€,
michelin-2026-spain,michelin,2026,,One Star,,https://guide.michelin.com/us/en/castilla-la-mancha/torrenueva/restaurant/retama,Retama,Torrenueva,Spain,restaurant,,€€€,
michelin-2026-spain,michelin,2026,,One Star,,https://guide.michelin.com/us/en/castilla-la-mancha/tomelloso/restaurant/epilogo,Epílogo,Tomelloso,Spain,restaurant,,€€,
michelin-2026-spain,michelin,2026,,One Star,,https://guide.michelin.com/us/en/andalucia/jaen/restaurant/radis,Radis,Jaén,Spain,restaurant,,€€€,
michelin-2026-spain,michelin,2026,,One Star,,https://guide.michelin.com/us/en/andalucia/jaen/restaurant/malak,Malak,Jaén,Spain,restaurant,,€€€,
michelin-2026-spain,michelin,2026,,One Star,,https://guide.michelin.com/us/en/andalucia/jaen/restaurant/dama-juana,Dama Juana,Jaén,Spain,restaurant,,€€€,
michelin-2026-spain,michelin,2026,,One Star,,https://guide.michelin.com/us/en/andalucia/jaen/restaurant/baga,Bagá,Jaén,Spain,restaurant,,€€€,
michelin-2026-spain,michelin,2026,,One Star,,https://guide.michelin.com/us/en/andalucia/baeza/restaurant/vandelvira,Vandelvira,Baeza,Spain,restaurant,,€€€,
michelin-2026-spain,michelin,2026,,One Star,,https://guide.michelin.com/us/en/castilla-la-mancha/torre-de-juan-abad/restaurant/coto-de-quevedo,Coto de Quevedo Evolución,Torre de Juan Abad,Spain,restaurant,,€€€,
michelin-2026-spain,michelin,2026,,One Star,,https://guide.michelin.com/us/en/castilla-la-mancha/es-cuenca/restaurant/casas-colgadas,Casas Colgadas Restaurante,Cuenca,Spain,restaurant,,€€€,
michelin-2026-spain,michelin,2026,,One Star,,https://guide.michelin.com/us/en/aragon/canfranc-estacion_1384216/restaurant/canfranc-express,Canfranc Express,Canfranc-Estación,Spain,restaurant,,€€€€,
michelin-2026-spain,michelin,2026,,One Star,,https://guide.michelin.com/us/en/andalucia/granada/restaurant/farala,Faralá,Granada,Spain,restaurant,,€€€,
michelin-2026-spain,michelin,2026,,One Star,,https://guide.michelin.com/us/en/aragon/zaragoza/restaurant/la-prensa,La Prensa,Saragossa,Spain,restaurant,,€€€€,
michelin-2026-spain,michelin,2026,,One Star,,https://guide.michelin.com/us/en/aragon/tramacastilla/restaurant/hospederia-el-batan,Hospedería El Batán,Tramacastilla,Spain,restaurant,,€€€,
michelin-2026-spain,michelin,2026,,One Star,,https://guide.michelin.com/us/en/aragon/zaragoza/restaurant/gente-rara,Gente Rara,Saragossa,Spain,restaurant,,€€€,
michelin-2026-spain,michelin,2026,,One Star,,https://guide.michelin.com/us/en/aragon/sardas/restaurant/la-era-de-los-nogales,La Era de los Nogales,Sardas,Spain,restaurant,,€€,
michelin-2026-spain,michelin,2026,,One Star,,https://guide.michelin.com/us/en/aragon/huesca/restaurant/lillas-pastia,Lillas Pastia,Huesca,Spain,restaurant,,€€€,
michelin-2026-spain,michelin,2026,,One Star,,https://guide.michelin.com/us/en/aragon/huesca/restaurant/tatau,Tatau,Huesca,Spain,restaurant,,€€€,
michelin-2026-spain,michelin,2026,,One Star,,https://guide.michelin.com/us/en/aragon/tella/restaurant/casa-ruben,Casa Rubén,Tella,Spain,restaurant,,€€€,
michelin-2026-spain,michelin,2026,,One Star,,https://guide.michelin.com/us/en/castilla-la-mancha/albacete/restaurant/ababol,Ababol,Albacete,Spain,restaurant,,€€€€,
michelin-2026-spain,michelin,2026,,One Star,,https://guide.michelin.com/us/en/aragon/ainsa/restaurant/callizo,Callizo,Ainsa,Spain,restaurant,,€€€€,
michelin-2026-spain,michelin,2026,,One Star,,https://guide.michelin.com/us/en/castilla-la-mancha/casas-ibanez/restaurant/oba,Oba-,Casas-Ibáñez,Spain,restaurant,,€€€€,
michelin-2026-spain,michelin,2026,,One Star,,https://guide.michelin.com/us/en/aragon/villanova/restaurant/casa-arcas,Casa Arcas,Villanova,Spain,restaurant,,€€€,
michelin-2026-spain,michelin,2026,,One Star,,https://guide.michelin.com/us/en/aragon/anciles_7770296/restaurant/ansils,Ansils,Anciles,Spain,restaurant,,€€€,
michelin-2026-spain,michelin,2026,,One Star,,https://guide.michelin.com/us/en/andalucia/el-ejido/restaurant/la-costa,La Costa,El Ejido,Spain,restaurant,,€€€€,
michelin-2026-spain,michelin,2026,,One Star,,https://guide.michelin.com/us/en/catalunya/gimenells/restaurant/malena,Malena,Gimenells,Spain,restaurant,,€€€,
michelin-2026-spain,michelin,2026,,One Star,,https://guide.michelin.com/us/en/catalunya/sort/restaurant/fogony,Fogony,Sort,Spain,restaurant,,€€€,
michelin-2026-spain,michelin,2026,,One Star,,https://guide.michelin.com/us/en/region-de-murcia/yecla/restaurant/barahonda,Barahonda,Yecla,Spain,restaurant,,€€€,
michelin-2026-spain,michelin,2026,,One Star,,https://guide.michelin.com/us/en/comunidad-valenciana/san-antonio-de-benageber_1388600/restaurant/simposio,Simposio,San Antonio de Benagéber,Spain,restaurant,,€€€,
michelin-2026-spain,michelin,2026,,One Star,,https://guide.michelin.com/us/en/comunidad-valenciana/vall-d-alba/restaurant/cal-paradis,Cal Paradís,Vall d'Alba,Spain,restaurant,,€€€,
michelin-2026-spain,michelin,2026,,One Star,,https://guide.michelin.com/us/en/comunidad-valenciana/sagunt/restaurant/arrels,Arrels,Sagunt,Spain,restaurant,,€€€,
michelin-2026-spain,michelin,2026,,One Star,,https://guide.michelin.com/us/en/comunidad-valenciana/valencia/restaurant/riff,Riff,Valencia,Spain,restaurant,,€€€€,
michelin-2026-spain,michelin,2026,,One Star,,https://guide.michelin.com/us/en/comunidad-valenciana/valencia/restaurant/la-salita-1192181,La Salita,Valencia,Spain,restaurant,,€€€€,
michelin-2026-spain,michelin,2026,,One Star,,https://guide.michelin.com/us/en/comunidad-valenciana/valencia/restaurant/lienzo,Lienzo,Valencia,Spain,restaurant,,€€€,
michelin-2026-spain,michelin,2026,,One Star,,https://guide.michelin.com/us/en/comunidad-valenciana/valencia/restaurant/fierro,Fierro,Valencia,Spain,restaurant,,€€€€,
michelin-2026-spain,michelin,2026,,One Star,,https://guide.michelin.com/us/en/comunidad-valenciana/valencia/restaurant/fraula,Fraula,Valencia,Spain,restaurant,,€€€,
michelin-2026-spain,michelin,2026,,One Star,,https://guide.michelin.com/us/en/catalunya/xerta/restaurant/villa-retiro,Villa Retiro,Xerta,Spain,restaurant,,€€€€,
michelin-2026-spain,michelin,2026,,One Star,,https://guide.michelin.com/us/en/comunidad-valenciana/valencia/restaurant/kaido-sushi-bar,Kaido Sushi Bar,Valencia,Spain,restaurant,,€€€€,
michelin-2026-spain,michelin,2026,,One Star,,https://guide.michelin.com/us/en/catalunya/ulldecona/restaurant/l-antic-moli,L'Antic Molí,Ulldecona,Spain,restaurant,,€€€,
michelin-2026-spain,michelin,2026,,One Star,,https://guide.michelin.com/us/en/region-de-murcia/murcia/restaurant/almo,Almo de Juan Guillamón,Murcia,Spain,restaurant,,€€€,
michelin-2026-spain,michelin,2026,,One Star,,https://guide.michelin.com/us/en/region-de-murcia/murcia/restaurant/frases,Frases,Murcia,Spain,restaurant,,€€€,
michelin-2026-spain,michelin,2026,,One Star,,https://guide.michelin.com/us/en/catalunya/ulldecona/restaurant/les-moles,Les Moles,Ulldecona,Spain,restaurant,,€€€,
michelin-2026-spain,michelin,2026,,One Star,,https://guide.michelin.com/us/en/comunidad-valenciana/oropesa-del-mar/restaurant/llavor,Llavor,Oropesa del Mar,Spain,restaurant,,€€€,
michelin-2026-spain,michelin,2026,,One Star,,https://guide.michelin.com/us/en/comunidad-valenciana/carcaixent_1386765/restaurant/origen-1214557,Origen,Carcaixent,Spain,restaurant,,€€€,
michelin-2026-spain,michelin,2026,,One Star,,https://guide.michelin.com/us/en/comunidad-valenciana/alcossebre/restaurant/atalaya,Atalaya,Alcossebre,Spain,restaurant,,€€€,
michelin-2026-spain,michelin,2026,,One Star,,https://guide.michelin.com/us/en/catalunya/cornudella-de-montsant/restaurant/quatre-molins,Quatre Molins,Cornudella de Montsant,Spain,restaurant,,€€€,
michelin-2026-spain,michelin,2026,,One Star,,https://guide.michelin.com/us/en/comunidad-valenciana/vinaros/restaurant/ruben-miralles,Rubén Miralles,Vinaròs,Spain,restaurant,,€€,
michelin-2026-spain,michelin,2026,,One Star,,https://guide.michelin.com/us/en/comunidad-valenciana/benicarlo/restaurant/raul-resino,Raúl Resino,Benicarló,Spain,restaurant,,€€€€,
michelin-2026-spain,michelin,2026,,One Star,,https://guide.michelin.com/us/en/catalunya/alcanar/restaurant/citrus-del-tancat,Citrus del Tancat,Alcanar,Spain,restaurant,,€€€,
michelin-2026-spain,michelin,2026,,One Star,,https://guide.michelin.com/us/en/comunidad-valenciana/elche/restaurant/la-finca,La Finca,Elche,Spain,restaurant,,€€€€,
michelin-2026-spain,michelin,2026,,One Star,,https://guide.michelin.com/us/en/region-de-murcia/cartagena/restaurant/magoga,Magoga,Cartagena,Spain,restaurant,,€€€,
michelin-2026-spain,michelin,2026,,One Star,,https://guide.michelin.com/us/en/catalunya/cambrils/restaurant/rincon-de-diego,Rincón de Diego,Cambrils,Spain,restaurant,,€€€,
michelin-2026-spain,michelin,2026,,One Star,,https://guide.michelin.com/us/en/catalunya/cambrils/restaurant/can-bosch,Can Bosch,Cambrils,Spain,restaurant,,€€€€,
michelin-2026-spain,michelin,2026,,One Star,,https://guide.michelin.com/us/en/catalunya/salou/restaurant/deliranto,Deliranto,Salou,Spain,restaurant,,€€€€,
michelin-2026-spain,michelin,2026,,One Star,,https://guide.michelin.com/us/en/comunidad-valenciana/alacant/restaurant/baeza-rufete,Baeza & Rufete,Alacant,Spain,restaurant,,€€€€,
michelin-2026-spain,michelin,2026,,One Star,,https://guide.michelin.com/us/en/comunidad-valenciana/la-nucia/restaurant/el-xato,El Xato,la Nucía,Spain,restaurant,,€€€,
michelin-2026-spain,michelin,2026,,One Star,,https://guide.michelin.com/us/en/comunidad-valenciana/ondara/restaurant/casa-pepa,Casa Pepa,Ondara,Spain,restaurant,,€€€,
michelin-2026-spain,michelin,2026,,One Star,,https://guide.michelin.com/us/en/catalunya/sagas/restaurant/els-casals,Els Casals,Sagàs,Spain,restaurant,,€€€,
michelin-2026-spain,michelin,2026,,One Star,,https://guide.michelin.com/us/en/catalunya/gombren/restaurant/la-fonda-xesc,La Fonda Xesc,Gombrèn,Spain,restaurant,,€€€,
michelin-2026-spain,michelin,2026,,One Star,,https://guide.michelin.com/us/en/comunidad-valenciana/dnia/restaurant/peix-y-brases,Peix & Brases,Dénia,Spain,restaurant,,€€€€,
michelin-2026-spain,michelin,2026,,One Star,,https://guide.michelin.com/us/en/catalunya/sant-fruitos-de-bages/restaurant/l-o,L'Ó,Sant Fruitós de Bages,Spain,restaurant,,€€€,
michelin-2026-spain,michelin,2026,,One Star,,https://guide.michelin.com/us/en/comunidad-valenciana/calp/restaurant/orobianco,Orobianco,Calp,Spain,restaurant,,€€€€,
michelin-2026-spain,michelin,2026,,One Star,,https://guide.michelin.com/us/en/catalunya/sant-marti-sarroca/restaurant/casa-nova,Casa Nova,Sant Martí Sarroca,Spain,restaurant,,€€€€,
michelin-2026-spain,michelin,2026,,One Star,,https://guide.michelin.com/us/en/comunidad-valenciana/benissa/restaurant/casa-bernardi,Casa Bernardi,Benissa,Spain,restaurant,,€€€€,
michelin-2026-spain,michelin,2026,,One Star,,https://guide.michelin.com/us/en/comunidad-valenciana/calp/restaurant/beat,Beat by José Manuel Miguel,Calp,Spain,restaurant,,€€€€,
michelin-2026-spain,michelin,2026,,One Star,,https://guide.michelin.com/us/en/catalunya/olost/restaurant/sala,Sala,Olost,Spain,restaurant,,€€€,
michelin-2026-spain,michelin,2026,,One Star,,https://guide.michelin.com/us/en/comunidad-valenciana/calp/restaurant/audrey-s-by-rafa-soler,Audrey's,Calp,Spain,restaurant,,€€€€,
michelin-2026-spain,michelin,2026,,One Star,,https://guide.michelin.com/us/en/comunidad-valenciana/xbia/restaurant/tula,Tula,Xàbia,Spain,restaurant,,€€€,
michelin-2026-spain,michelin,2026,,One Star,,https://guide.michelin.com/us/en/catalunya/la-vall-de-bianya/restaurant/ca-l-enric,Ca l'Enric,La Vall de Bianya,Spain,restaurant,,€€€€,
michelin-2026-spain,michelin,2026,,One Star,,https://guide.michelin.com/us/en/catalunya/calldetenes/restaurant/can-jubany,Can Jubany,Calldetenes,Spain,restaurant,,€€€€,
michelin-2026-spain,michelin,2026,,One Star,,https://guide.michelin.com/us/en/catalunya/barcelona/restaurant/angle,Angle,Barcelona,Spain,restaurant,,€€€€,
michelin-2026-spain,michelin,2026,,One Star,,https://guide.michelin.com/us/en/catalunya/barcelona/restaurant/atempo-1196425,Atempo,Barcelona,Spain,restaurant,,€€€€,
michelin-2026-spain,michelin,2026,,One Star,,https://guide.michelin.com/us/en/catalunya/barcelona/restaurant/hofmann,Hofmann,Barcelona,Spain,restaurant,,€€€,
michelin-2026-spain,michelin,2026,,One Star,,https://guide.michelin.com/us/en/catalunya/barcelona/restaurant/mae-barcelona,MAE Barcelona,Barcelona,Spain,restaurant,,€€€,
michelin-2026-spain,michelin,2026,,One Star,,https://guide.michelin.com/us/en/catalunya/barcelona/restaurant/prodigi,Prodigi,Barcelona,Spain,restaurant,,€€€,
michelin-2026-spain,michelin,2026,,One Star,,https://guide.michelin.com/us/en/catalunya/barcelona/restaurant/taberna-kamikaze,Kamikaze,Barcelona,Spain,restaurant,,€€€,
michelin-2026-spain,michelin,2026,,One Star,,https://guide.michelin.com/us/en/catalunya/barcelona/restaurant/fishology,Fishølogy,Barcelona,Spain,restaurant,,€€€,
michelin-2026-spain,michelin,2026,,One Star,,https://guide.michelin.com/us/en/catalunya/barcelona/restaurant/come-by-paco-mendez,COME by Paco Méndez,Barcelona,Spain,restaurant,,€€€€,
michelin-2026-spain,michelin,2026,,One Star,,https://guide.michelin.com/us/en/catalunya/barcelona/restaurant/via-veneto,Via Veneto,Barcelona,Spain,restaurant,,€€€€,
michelin-2026-spain,michelin,2026,,One Star,,https://guide.michelin.com/us/en/catalunya/barcelona/restaurant/hisop,Hisop,Barcelona,Spain,restaurant,,€€€,
michelin-2026-spain,michelin,2026,,One Star,,https://guide.michelin.com/us/en/catalunya/barcelona/restaurant/suto,Suto,Barcelona,Spain,restaurant,,€€€€,
michelin-2026-spain,michelin,2026,,One Star,,https://guide.michelin.com/us/en/catalunya/barcelona/restaurant/caelis,Caelis,Barcelona,Spain,restaurant,,€€€€,
michelin-2026-spain,michelin,2026,,One Star,,https://guide.michelin.com/us/en/catalunya/barcelona/restaurant/moments,Moments,Barcelona,Spain,restaurant,,€€€€,
michelin-2026-spain,michelin,2026,,One Star,,https://guide.michelin.com/us/en/catalunya/barcelona/restaurant/quirat,Quirat,Barcelona,Spain,restaurant,,€€€€,
michelin-2026-spain,michelin,2026,,One Star,,https://guide.michelin.com/us/en/catalunya/barcelona/restaurant/slow-low,Slow & Low,Barcelona,Spain,restaurant,,€€€€,
michelin-2026-spain,michelin,2026,,One Star,,https://guide.michelin.com/us/en/catalunya/barcelona/restaurant/dos-palillos,Dos Palillos,Barcelona,Spain,restaurant,,€€€€,
michelin-2026-spain,michelin,2026,,One Star,,https://guide.michelin.com/us/en/catalunya/santa-coloma-de-gramenet/restaurant/lluerna,Lluerna,Santa Coloma de Gramenet,Spain,restaurant,,€€€,
michelin-2026-spain,michelin,2026,,One Star,,https://guide.michelin.com/us/en/catalunya/barcelona/restaurant/koy-shunka,Koy Shunka,Barcelona,Spain,restaurant,,€€€€,
michelin-2026-spain,michelin,2026,,One Star,,https://guide.michelin.com/us/en/catalunya/barcelona/restaurant/alkimia,Alkimia,Barcelona,Spain,restaurant,,€€€€,
michelin-2026-spain,michelin,2026,,One Star,,https://guide.michelin.com/us/en/catalunya/arbcies/restaurant/les-magnolies,Les Magnòlies,Arbúcies,Spain,restaurant,,€€€,
michelin-2026-spain,michelin,2026,,One Star,,https://guide.michelin.com/us/en/catalunya/el-masnou/restaurant/tresmacarrons,Tresmacarrons,El Masnou,Spain,restaurant,,€€€€,
michelin-2026-spain,michelin,2026,,One Star,,https://guide.michelin.com/us/en/catalunya/angles/restaurant/l-alianca-1919-d-angles,L'Aliança d'Anglès,Anglès,Spain,restaurant,,€€€€,
michelin-2026-spain,michelin,2026,,One Star,,https://guide.michelin.com/us/en/catalunya/peralada/restaurant/castell-peralada,Castell Perelada,Peralada,Spain,restaurant,,€€€€,
michelin-2026-spain,michelin,2026,,One Star,,https://guide.michelin.com/us/en/catalunya/sant-julia-de-ramis/restaurant/esperit-roca,Esperit Roca,Sant Julià de Ramis,Spain,restaurant,,€€€€,
michelin-2026-spain,michelin,2026,,One Star,,https://guide.michelin.com/us/en/catalunya/girona/restaurant/massana,Massana,Girona,Spain,restaurant,,€€€€,
michelin-2026-spain,michelin,2026,,One Star,,https://guide.michelin.com/us/en/catalunya/girona/restaurant/divinum,Divinum,Girona,Spain,restaurant,,€€€€,
michelin-2026-spain,michelin,2026,,One Star,,https://guide.michelin.com/us/en/catalunya/portbou/restaurant/voramar,Voramar,Portbou,Spain,restaurant,,€€€,
michelin-2026-spain,michelin,2026,,One Star,,https://guide.michelin.com/us/en/catalunya/castello-d-empuries/restaurant/emporium,Empòrium,Castelló d'Empúries,Spain,restaurant,,€€€€,
michelin-2026-spain,michelin,2026,,One Star,,https://guide.michelin.com/us/en/catalunya/llagostera/restaurant/els-tinars,Els Tinars,Llagostera,Spain,restaurant,,€€€,
michelin-2026-spain,michelin,2026,,One Star,,https://guide.michelin.com/us/en/islas-baleares/sant-josep-de-sa-talaia/restaurant/unic,Unic,Sant Josep de sa Talaia,Spain,restaurant,,€€€,
michelin-2026-spain,michelin,2026,,One Star,,https://guide.michelin.com/us/en/islas-baleares/eivissa/restaurant/omakase-by-walt,Omakase by Walt,Eivissa,Spain,restaurant,,€€€€,
michelin-2026-spain,michelin,2026,,One Star,,https://guide.michelin.com/us/en/islas-baleares/eivissa/restaurant/la-gaia,La Gaia,Eivissa,Spain,restaurant,,€€€€,
michelin-2026-spain,michelin,2026,,One Star,,https://guide.michelin.com/us/en/islas-baleares/es-capdella/restaurant/sa-clastra,Sa Clastra,Es Capdellà,Spain,restaurant,,€€€€,
michelin-2026-spain,michelin,2026,,One Star,,https://guide.michelin.com/us/en/islas-baleares/palmanova/restaurant/es-fum,Es Fum,Palmanova,Spain,restaurant,,€€€€,
michelin-2026-spain,michelin,2026,,One Star,,https://guide.michelin.com/us/en/islas-baleares/palma/restaurant/marc-fosh,Marc Fosh,Palma,Spain,restaurant,,€€€€,
michelin-2026-spain,michelin,2026,,One Star,,https://guide.michelin.com/us/en/islas-baleares/palma/restaurant/zaranda-1191909,Zaranda,Palma,Spain,restaurant,,€€€€,
michelin-2026-spain,michelin,2026,,One Star,,https://guide.michelin.com/us/en/islas-baleares/palma/restaurant/dins-santi-taura,DINS Santi Taura,Palma,Spain,restaurant,,€€€€,
michelin-2026-spain,michelin,2026,,One Star,,https://guide.michelin.com/us/en/islas-baleares/llucmajor/restaurant/andreu-genestra-1208507,Andreu Genestra,Llucmajor,Spain,restaurant,,€€€€,
michelin-2026-spain,michelin,2026,,One Star,,https://guide.michelin.com/us/en/islas-baleares/port-d-alcdia/restaurant/maca-de-castro,Maca de Castro,Port d'Alcúdia,Spain,restaurant,,€€€€,
michelin-2026-spain,michelin,2026,,One Star,,https://guide.michelin.com/us/en/islas-baleares/muro/restaurant/fusion19,Fusion19,Muro,Spain,restaurant,,€€€€,
michelin-2026-spain,michelin,2026,,Bib Gourmand,,https://guide.michelin.com/us/en/canarias/las-caletas/restaurant/el-jardin-de-la-sal,El Jardín de la Sal,Las Caletas,Spain,restaurant,,€,
michelin-2026-spain,michelin,2026,,Bib Gourmand,,https://guide.michelin.com/us/en/canarias/garachico/restaurant/el-rebojo,El Rebojo,Garachico,Spain,restaurant,,€€,
michelin-2026-spain,michelin,2026,,Bib Gourmand,,https://guide.michelin.com/us/en/canarias/icod-de-los-vinos/restaurant/furancho-la-zapateria,Furancho La Zapatería,Icod de los Vinos,Spain,restaurant,,€,
michelin-2026-spain,michelin,2026,,Bib Gourmand,,https://guide.michelin.com/us/en/canarias/tegueste/restaurant/la-bola-de-jorge-bosch,La Bola de Jorge Bosch,Tegueste,Spain,restaurant,,€,
michelin-2026-spain,michelin,2026,,Bib Gourmand,,https://guide.michelin.com/us/en/canarias/chimiche/restaurant/el-secreto-de-chimiche,El Secreto de Chimiche,Chimiche,Spain,restaurant,,€€,
michelin-2026-spain,michelin,2026,,Bib Gourmand,,https://guide.michelin.com/us/en/canarias/san-cristobal-de-la-laguna/restaurant/tasca-silbo-gomero,Silbo Gomero,San Cristóbal de la Laguna,Spain,restaurant,,€€,
michelin-2026-spain,michelin,2026,,Bib Gourmand,,https://guide.michelin.com/us/en/canarias/santa-cruz-de-tenerife/restaurant/moral,Moral,Santa Cruz de Tenerife,Spain,restaurant,,€€,
michelin-2026-spain,michelin,2026,,Bib Gourmand,,https://guide.michelin.com/us/en/canarias/santa-cruz-de-tenerife/restaurant/san-sebastian-57,San Sebastián 57,Santa Cruz de Tenerife,Spain,restaurant,,€€,
michelin-2026-spain,michelin,2026,,Bib Gourmand,,https://guide.michelin.com/us/en/canarias/santa-cruz-de-tenerife/restaurant/el-aguarde,El Aguarde,Santa Cruz de Tenerife,Spain,restaurant,,€€,
michelin-2026-spain,michelin,2026,,Bib Gourmand,,https://guide.michelin.com/us/en/galicia/camarinas/restaurant/villa-de-oro,Villa de Oro,Camariñas,Spain,restaurant,,€€,
michelin-2026-spain,michelin,2026,,Bib Gourmand,,https://guide.michelin.com/us/en/galicia/carballo/restaurant/pementa-rosa,Pementa Rosa,Carballo,Spain,restaurant,,€€,
michelin-2026-spain,michelin,2026,,Bib Gourmand,,https://guide.michelin.com/us/en/galicia/a-corua/restaurant/taberna-5-mares,Taberna 5 Mares,A Coruña,Spain,restaurant,,€€,
michelin-2026-spain,michelin,2026,,Bib Gourmand,,https://guide.michelin.com/us/en/galicia/cambados/restaurant/a-taberna-do-trasno,A Taberna do Trasno,Cambados,Spain,restaurant,,€€,
michelin-2026-spain,michelin,2026,,Bib Gourmand,,https://guide.michelin.com/us/en/galicia/a-corua/restaurant/terreo,Terreo Cocina Casual,A Coruña,Spain,restaurant,,€€,
michelin-2026-spain,michelin,2026,,Bib Gourmand,,https://guide.michelin.com/us/en/galicia/a-corua/restaurant/el-de-alberto,El de Alberto,A Coruña,Spain,restaurant,,€€,
michelin-2026-spain,michelin,2026,,Bib Gourmand,,https://guide.michelin.com/us/en/galicia/santiago-de-compostela/restaurant/anaco,Anaco,Santiago de Compostela,Spain,restaurant,,€€,
michelin-2026-spain,michelin,2026,,Bib Gourmand,,https://guide.michelin.com/us/en/galicia/santiago-de-compostela/restaurant/con-culler,Con Culler,Santiago de Compostela,Spain,restaurant,,€€,
michelin-2026-spain,michelin,2026,,Bib Gourmand,,https://guide.michelin.com/us/en/galicia/santiago-de-compostela/restaurant/a-viaxe,A Viaxe,Santiago de Compostela,Spain,restaurant,,€€,
michelin-2026-spain,michelin,2026,,Bib Gourmand,,https://guide.michelin.com/us/en/galicia/santiago-de-compostela/restaurant/cafe-de-altamira,Café de Altamira,Santiago de Compostela,Spain,restaurant,,€€,
michelin-2026-spain,michelin,2026,,Bib Gourmand,,https://guide.michelin.com/us/en/galicia/santiago-de-compostela/restaurant/a-horta-d-obradoiro,A Horta d'Obradoiro,Santiago de Compostela,Spain,restaurant,,€€,
michelin-2026-spain,michelin,2026,,Bib Gourmand,,https://guide.michelin.com/us/en/galicia/santiago-de-compostela/restaurant/asador-gonzaba,Asador Gonzaba,Santiago de Compostela,Spain,restaurant,,€€,
michelin-2026-spain,michelin,2026,,Bib Gourmand,,https://guide.michelin.com/us/en/galicia/santiago-de-compostela/restaurant/ghalpon-abastos,Abastos 2.0 - Mesas,Santiago de Compostela,Spain,restaurant,,€€,
michelin-2026-spain,michelin,2026,,Bib Gourmand,,https://guide.michelin.com/us/en/galicia/santiago-de-compostela/restaurant/mar-de-esteiro,Mar de Esteiro,Santiago de Compostela,Spain,restaurant,,€€,
michelin-2026-spain,michelin,2026,,Bib Gourmand,,https://guide.michelin.com/us/en/galicia/pontevedra/restaurant/trasmallo-1212595,Trasmallo,Pontevedra,Spain,restaurant,,€,
michelin-2026-spain,michelin,2026,,Bib Gourmand,,https://guide.michelin.com/us/en/galicia/vigo/restaurant/enxebre,Enxebre,Vigo,Spain,restaurant,,€€,
michelin-2026-spain,michelin,2026,,Bib Gourmand,,https://guide.michelin.com/us/en/galicia/vigo/restaurant/morrofino,Morrofino,Vigo,Spain,restaurant,,€€,
michelin-2026-spain,michelin,2026,,Bib Gourmand,,https://guide.michelin.com/us/en/galicia/vigo/restaurant/casa-marco,Casa Marco,Vigo,Spain,restaurant,,€€,
michelin-2026-spain,michelin,2026,,Bib Gourmand,,https://guide.michelin.com/us/en/canarias/las-palmas-de-gran-canaria/restaurant/el-equilibrista-33,El Equilibrista 33,Las Palmas de Gran Canaria,Spain,restaurant,,€€,
michelin-2026-spain,michelin,2026,,Bib Gourmand,,https://guide.michelin.com/us/en/galicia/ourense/restaurant/pacifico1154940,Pacífico,Ourense,Spain,restaurant,,€€,
michelin-2026-spain,michelin,2026,,Bib Gourmand,,https://guide.michelin.com/us/en/principado-de-asturias/gijon/restaurant/el-recetario,El Recetario,Gijón,Spain,restaurant,,€€,
michelin-2026-spain,michelin,2026,,Bib Gourmand,,https://guide.michelin.com/us/en/principado-de-asturias/gijon/restaurant/farragua,Farragua,Gijón,Spain,restaurant,,€€,
michelin-2026-spain,michelin,2026,,Bib Gourmand,,https://guide.michelin.com/us/en/castilla-y-leon/castrillo-de-los-polvazares/restaurant/casa-coscolo,Coscolo,Castrillo de los Polvazares,Spain,restaurant,,€,
michelin-2026-spain,michelin,2026,,Bib Gourmand,,https://guide.michelin.com/us/en/castilla-y-leon/val-de-san-lorenzo/restaurant/la-lecheria,La Lechería,Val de San Lorenzo,Spain,restaurant,,€€,
michelin-2026-spain,michelin,2026,,Bib Gourmand,,https://guide.michelin.com/us/en/castilla-y-leon/astorga/restaurant/las-termas,Las Termas,Astorga,Spain,restaurant,,€,
michelin-2026-spain,michelin,2026,,Bib Gourmand,,https://guide.michelin.com/us/en/castilla-y-leon/leon/restaurant/conmimo,ConMimo,Leon,Spain,restaurant,,€,
michelin-2026-spain,michelin,2026,,Bib Gourmand,,https://guide.michelin.com/us/en/castilla-y-leon/morales-de-rey/restaurant/brigecio,Brigecio,Morales de Rey,Spain,restaurant,,€€,
michelin-2026-spain,michelin,2026,,Bib Gourmand,,https://guide.michelin.com/us/en/castilla-y-leon/pobladura-del-valle_1435243/restaurant/la-trebede,La Trébede,Pobladura del Valle,Spain,restaurant,,€,
michelin-2026-spain,michelin,2026,,Bib Gourmand,,https://guide.michelin.com/us/en/principado-de-asturias/llanes/restaurant/le-bistro-1241296,Le Bistró,Llanes,Spain,restaurant,,€€,
michelin-2026-spain,michelin,2026,,Bib Gourmand,,https://guide.michelin.com/us/en/cantabria/cosgaya/restaurant/del-oso,Del Oso,Cosgaya,Spain,restaurant,,€€,
michelin-2026-spain,michelin,2026,,Bib Gourmand,,https://guide.michelin.com/us/en/castilla-y-leon/salamanca/restaurant/bambu,Bambú,Salamanca,Spain,restaurant,,€€,
michelin-2026-spain,michelin,2026,,Bib Gourmand,,https://guide.michelin.com/us/en/extremadura/hervas/restaurant/nardi,Nardi,Hervás,Spain,restaurant,,€€,
michelin-2026-spain,michelin,2026,,Bib Gourmand,,https://guide.michelin.com/us/en/extremadura/jaraiz-de-la-vera/restaurant/la-finca314631,Villa Xarahiz,Jaraíz de la Vera,Spain,restaurant,,€,
michelin-2026-spain,michelin,2026,,Bib Gourmand,,https://guide.michelin.com/us/en/castilla-y-leon/nava-del-rey_1434687/restaurant/cain,Caín,Nava del Rey,Spain,restaurant,,€€,
michelin-2026-spain,michelin,2026,,Bib Gourmand,,https://guide.michelin.com/us/en/cantabria/cartes/restaurant/la-carteria,La Cartería,Cartes,Spain,restaurant,,€€,
michelin-2026-spain,michelin,2026,,Bib Gourmand,,https://guide.michelin.com/us/en/andalucia/aljaraque/restaurant/finca-alfoliz,Finca Alfoliz,Aljaraque,Spain,restaurant,,€€,
michelin-2026-spain,michelin,2026,,Bib Gourmand,,https://guide.michelin.com/us/en/extremadura/zafra/restaurant/acebuche,Acebuche,Zafra,Spain,restaurant,,€€,
michelin-2026-spain,michelin,2026,,Bib Gourmand,,https://guide.michelin.com/us/en/extremadura/es-trujillo/restaurant/alberca,Alberca,Trujillo,Spain,restaurant,,€€,
michelin-2026-spain,michelin,2026,,Bib Gourmand,,https://guide.michelin.com/us/en/cantabria/santander/restaurant/agua-salada,Agua Salada,Santander,Spain,restaurant,,€€,
michelin-2026-spain,michelin,2026,,Bib Gourmand,,https://guide.michelin.com/us/en/castilla-y-leon/palencia/restaurant/terra-1189297,Terra Palencia,Palencia,Spain,restaurant,,€€,
michelin-2026-spain,michelin,2026,,Bib Gourmand,,https://guide.michelin.com/us/en/castilla-y-leon/valladolid/restaurant/la-cocina-de-manuel,La Cocina de Manuel,Valladolid,Spain,restaurant,,€€,
michelin-2026-spain,michelin,2026,,Bib Gourmand,,https://guide.michelin.com/us/en/cantabria/suesa/restaurant/pan-de-cuco,Pan de Cuco,Suesa,Spain,restaurant,,€€,
michelin-2026-spain,michelin,2026,,Bib Gourmand,,https://guide.michelin.com/us/en/castilla-y-leon/tariego-de-cerrato/restaurant/casa-chesmy,Casa Chesmy,Tariego de Cerrato,Spain,restaurant,,€€,
michelin-2026-spain,michelin,2026,,Bib Gourmand,,https://guide.michelin.com/us/en/extremadura/madrigal-de-la-vera/restaurant/el-molino,El Molino,Madrigal de la Vera,Spain,restaurant,,€,
michelin-2026-spain,michelin,2026,,Bib Gourmand,,https://guide.michelin.com/us/en/extremadura/villanueva-de-la-serena_1448463/restaurant/macarraca,Macarraca,Villanueva de la Serena,Spain,restaurant,,€€,
michelin-2026-spain,michelin,2026,,Bib Gourmand,,https://guide.michelin.com/us/en/pais-vasco/getxo/restaurant/iwasaki-1201573,Iwasaki,Getxo,Spain,restaurant,,€€,
michelin-2026-spain,michelin,2026,,Bib Gourmand,,https://guide.michelin.com/us/en/pais-vasco/bilbao/restaurant/kimtxu,Kimtxu,Bilbao,Spain,restaurant,,€€,
michelin-2026-spain,michelin,2026,,Bib Gourmand,,https://guide.michelin.com/us/en/pais-vasco/bilbao/restaurant/los-fueros,Los Fueros,Bilbao,Spain,restaurant,,€€,
michelin-2026-spain,michelin,2026,,Bib Gourmand,,https://guide.michelin.com/us/en/andalucia/sanlucar-de-barrameda/restaurant/el-espejo,El Espejo - Sanlúcar,Sanlúcar de Barrameda,Spain,restaurant,,€€,
michelin-2026-spain,michelin,2026,,Bib Gourmand,,https://guide.michelin.com/us/en/andalucia/sanlucar-de-barrameda/restaurant/casa-bigote,Casa Bigote,Sanlúcar de Barrameda,Spain,restaurant,,€€,
michelin-2026-spain,michelin,2026,,Bib Gourmand,,https://guide.michelin.com/us/en/pais-vasco/bilbao/restaurant/al-margen,AL Margen,Bilbao,Spain,restaurant,,€€,
michelin-2026-spain,michelin,2026,,Bib Gourmand,,https://guide.michelin.com/us/en/andalucia/sevilla/restaurant/balbuena-y-huertas,Balbuena y Huertas,Seville,Spain,restaurant,,€€,
michelin-2026-spain,michelin,2026,,Bib Gourmand,,https://guide.michelin.com/us/en/andalucia/sevilla/restaurant/lalola-de-javi-abascal,Lalola de Javi Abascal,Seville,Spain,restaurant,,€€,
michelin-2026-spain,michelin,2026,,Bib Gourmand,,https://guide.michelin.com/us/en/andalucia/sevilla/restaurant/az-zait,Az-Zait,Seville,Spain,restaurant,,€€,
michelin-2026-spain,michelin,2026,,Bib Gourmand,,https://guide.michelin.com/us/en/castilla-y-leon/real-sitio-de-san-ildefonso/restaurant/la-fundicion,La Fundición,Real Sitio de San Ildefonso,Spain,restaurant,,€€,
michelin-2026-spain,michelin,2026,,Bib Gourmand,,https://guide.michelin.com/us/en/castilla-y-leon/miranda-de-ebro/restaurant/la-vasca,La Vasca,Miranda de Ebro,Spain,restaurant,,€€,
michelin-2026-spain,michelin,2026,,Bib Gourmand,,https://guide.michelin.com/us/en/comunidad-de-madrid/becerril-de-la-sierra_1441704/restaurant/malabar-bistro-nomada,Malabar Bistró Nómada,Becerril de la Sierra,Spain,restaurant,,€€,
michelin-2026-spain,michelin,2026,,Bib Gourmand,,https://guide.michelin.com/us/en/pais-vasco/mondragon_1426863/restaurant/arteaga-landetxea,Arteaga Landetxea,Mondragón,Spain,restaurant,,€,
michelin-2026-spain,michelin,2026,,Bib Gourmand,,https://guide.michelin.com/us/en/la-rioja/san-vicente-de-la-sonsierra/restaurant/casa-toni,Casa Toni,San Vicente de la Sonsierra,Spain,restaurant,,€€,
michelin-2026-spain,michelin,2026,,Bib Gourmand,,https://guide.michelin.com/us/en/comunidad-de-madrid/tres-cantos/restaurant/la-sarten,La Sartén,Tres Cantos,Spain,restaurant,,€€,
michelin-2026-spain,michelin,2026,,Bib Gourmand,,https://guide.michelin.com/us/en/andalucia/pozoblanco_1391839/restaurant/karan-bistro,Kàran Bistró,Pozoblanco,Spain,restaurant,,€€,
michelin-2026-spain,michelin,2026,,Bib Gourmand,,https://guide.michelin.com/us/en/comunidad-de-madrid/leganes/restaurant/sante,Santé,Leganés,Spain,restaurant,,€€,
michelin-2026-spain,michelin,2026,,Bib Gourmand,,https://guide.michelin.com/us/en/pais-vasco/zarautz_1420514/restaurant/masta,Masta,Zarautz,Spain,restaurant,,€€,
michelin-2026-spain,michelin,2026,,Bib Gourmand,,https://guide.michelin.com/us/en/comunidad-de-madrid/madrid/restaurant/la-mama,La MaMá,Madrid,Spain,restaurant,,€€,
michelin-2026-spain,michelin,2026,,Bib Gourmand,,https://guide.michelin.com/us/en/comunidad-de-madrid/madrid/restaurant/tresde,Trèsde,Madrid,Spain,restaurant,,€€,
michelin-2026-spain,michelin,2026,,Bib Gourmand,,https://guide.michelin.com/us/en/comunidad-de-madrid/madrid/restaurant/sisapo,Sisapo,Madrid,Spain,restaurant,,€€,
michelin-2026-spain,michelin,2026,,Bib Gourmand,,https://guide.michelin.com/us/en/comunidad-de-madrid/madrid/restaurant/gala,Gala,Madrid,Spain,restaurant,,€€,
michelin-2026-spain,michelin,2026,,Bib Gourmand,,https://guide.michelin.com/us/en/comunidad-de-madrid/madrid/restaurant/varra,Varra,Madrid,Spain,restaurant,,€€€,
michelin-2026-spain,michelin,2026,,Bib Gourmand,,https://guide.michelin.com/us/en/comunidad-de-madrid/madrid/restaurant/las-tortillas-de-gabino,Las Tortillas de Gabino,Madrid,Spain,restaurant,,€€,
michelin-2026-spain,michelin,2026,,Bib Gourmand,,https://guide.michelin.com/us/en/comunidad-de-madrid/madrid/restaurant/manifesto-13,Manifesto 13,Madrid,Spain,restaurant,,€€,
michelin-2026-spain,michelin,2026,,Bib Gourmand,,https://guide.michelin.com/us/en/comunidad-de-madrid/madrid/restaurant/quinque,Quinqué,Madrid,Spain,restaurant,,€€,
michelin-2026-spain,michelin,2026,,Bib Gourmand,,https://guide.michelin.com/us/en/comunidad-de-madrid/madrid/restaurant/bacira,Bacira,Madrid,Spain,restaurant,,€€,
michelin-2026-spain,michelin,2026,,Bib Gourmand,,https://guide.michelin.com/us/en/comunidad-de-madrid/madrid/restaurant/la-barra-de-la-tasqueria,La Barra de la Tasquería,Madrid,Spain,restaurant,,€€,
michelin-2026-spain,michelin,2026,,Bib Gourmand,,https://guide.michelin.com/us/en/comunidad-de-madrid/madrid/restaurant/in-pulso,In-Pulso,Madrid,Spain,restaurant,,€€,
michelin-2026-spain,michelin,2026,,Bib Gourmand,,https://guide.michelin.com/us/en/comunidad-de-madrid/madrid/restaurant/tres-por-cuatro,Tres por Cuatro,Madrid,Spain,restaurant,,€€,
michelin-2026-spain,michelin,2026,,Bib Gourmand,,https://guide.michelin.com/us/en/comunidad-de-madrid/madrid/restaurant/la-monteria,La Montería,Madrid,Spain,restaurant,,€€,
michelin-2026-spain,michelin,2026,,Bib Gourmand,,https://guide.michelin.com/us/en/comunidad-de-madrid/madrid/restaurant/treze,Treze,Madrid,Spain,restaurant,,€€,
michelin-2026-spain,michelin,2026,,Bib Gourmand,,https://guide.michelin.com/us/en/andalucia/almodovar-del-rio/restaurant/la-taberna-de-cuatro-caminos,La Taberna de Cuatro Caminos,Almodóvar del Río,Spain,restaurant,,€€,
michelin-2026-spain,michelin,2026,,Bib Gourmand,,https://guide.michelin.com/us/en/la-rioja/logrono/restaurant/la-cocina-de-ramon,La Cocina de Ramón,Logrono,Spain,restaurant,,€€,
michelin-2026-spain,michelin,2026,,Bib Gourmand,,https://guide.michelin.com/us/en/andalucia/cordoba/restaurant/terra-olea-1194951,Terra Olea,Córdoba,Spain,restaurant,,€€,
michelin-2026-spain,michelin,2026,,Bib Gourmand,,https://guide.michelin.com/us/en/andalucia/cordoba/restaurant/el-envero,El Envero,Córdoba,Spain,restaurant,,€€,
michelin-2026-spain,michelin,2026,,Bib Gourmand,,https://guide.michelin.com/us/en/andalucia/cordoba/restaurant/regadera,Regadera,Córdoba,Spain,restaurant,,€€,
michelin-2026-spain,michelin,2026,,Bib Gourmand,,https://guide.michelin.com/us/en/andalucia/cordoba/restaurant/la-taberna-de-almodovar,La Taberna de Almodóvar,Córdoba,Spain,restaurant,,€€,
michelin-2026-spain,michelin,2026,,Bib Gourmand,,https://guide.michelin.com/us/en/andalucia/cordoba/restaurant/la-cuchara-de-san-lorenzo,La Cuchara de San Lorenzo,Córdoba,Spain,restaurant,,€€,
michelin-2026-spain,michelin,2026,,Bib Gourmand,,https://guide.michelin.com/us/en/comunidad-de-madrid/alcala-de-henares/restaurant/eximio-by-fernando-martin,Eximio by Fernando Martín,Alcalá de Henares,Spain,restaurant,,€€,
michelin-2026-spain,michelin,2026,,Bib Gourmand,,https://guide.michelin.com/us/en/andalucia/olvera/restaurant/la-tarara,La Tarara,Olvera,Spain,restaurant,,€€,
michelin-2026-spain,michelin,2026,,Bib Gourmand,,https://guide.michelin.com/us/en/comunidad-foral-de-navarra/lekunberri/restaurant/maskarada,Maskarada,Lekunberri,Spain,restaurant,,€,
michelin-2026-spain,michelin,2026,,Bib Gourmand,,https://guide.michelin.com/us/en/andalucia/gaucin/restaurant/platero-y-co,Platero & Co,Gaucín,Spain,restaurant,,€,
michelin-2026-spain,michelin,2026,,Bib Gourmand,,https://guide.michelin.com/us/en/castilla-la-mancha/ciudad-real/restaurant/meson-octavio,Mesón Octavio,Ciudad Real,Spain,restaurant,,€€,
michelin-2026-spain,michelin,2026,,Bib Gourmand,,https://guide.michelin.com/us/en/comunidad-foral-de-navarra/donamaria/restaurant/donamaria-ko-benta,Donamaria'ko Benta,Donamaria,Spain,restaurant,,€€,
michelin-2026-spain,michelin,2026,,Bib Gourmand,,https://guide.michelin.com/us/en/andalucia/puente-genil/restaurant/alma-ezequiel-montilla,Alma Ezequiel Montilla,Puente Genil,Spain,restaurant,,€€,
michelin-2026-spain,michelin,2026,,Bib Gourmand,,https://guide.michelin.com/us/en/andalucia/palmones/restaurant/casa-mane,Casa Mané,Palmones,Spain,restaurant,,€€,
michelin-2026-spain,michelin,2026,,Bib Gourmand,,https://guide.michelin.com/us/en/comunidad-foral-de-navarra/legasa/restaurant/arotxa,Arotxa,Legasa,Spain,restaurant,,€€,
michelin-2026-spain,michelin,2026,,Bib Gourmand,,https://guide.michelin.com/us/en/comunidad-foral-de-navarra/pamplona/restaurant/el-mercao,El Merca'o,Pamplona,Spain,restaurant,,€€,
michelin-2026-spain,michelin,2026,,Bib Gourmand,,https://guide.michelin.com/us/en/comunidad-foral-de-navarra/urdaitz/restaurant/origen-1202542,Origen,Urdaitz,Spain,restaurant,,€,
michelin-2026-spain,michelin,2026,,Bib Gourmand,,https://guide.michelin.com/us/en/castilla-la-mancha/tarancon/restaurant/la-martina,La Martina,Tarancón,Spain,restaurant,,€€,
michelin-2026-spain,michelin,2026,,Bib Gourmand,,https://guide.michelin.com/us/en/la-rioja/alfaro/restaurant/morro-tango,Morro Tango,Alfaro,Spain,restaurant,,€,
michelin-2026-spain,michelin,2026,,Bib Gourmand,,https://guide.michelin.com/us/en/castilla-la-mancha/quintanar-de-la-orden/restaurant/granero,Granero,Quintanar de la Orden,Spain,restaurant,,€€,
michelin-2026-spain,michelin,2026,,Bib Gourmand,,https://guide.michelin.com/us/en/andalucia/bailen/restaurant/aureum,Aureum by Picualia,Bailén,Spain,restaurant,,€€,
michelin-2026-spain,michelin,2026,,Bib Gourmand,,https://guide.michelin.com/us/en/andalucia/malaga/restaurant/la-cosmo,La Cosmo,Malaga,Spain,restaurant,,€€,
michelin-2026-spain,michelin,2026,,Bib Gourmand,,https://guide.michelin.com/us/en/andalucia/malaga/restaurant/base9,Base9,Malaga,Spain,restaurant,,€,
michelin-2026-spain,michelin,2026,,Bib Gourmand,,https://guide.michelin.com/us/en/andalucia/malaga/restaurant/la-taberna-de-mike-palmer,La Taberna de Mike Palmer,Malaga,Spain,restaurant,,€€,
michelin-2026-spain,michelin,2026,,Bib Gourmand,,https://guide.michelin.com/us/en/andalucia/linares/restaurant/los-sentidos,Los Sentidos,Linares,Spain,restaurant,,€€,
michelin-2026-spain,michelin,2026,,Bib Gourmand,,https://guide.michelin.com/us/en/aragon/hecho/restaurant/cantere,Canteré,Hecho,Spain,restaurant,,€€,
michelin-2026-spain,michelin,2026,,Bib Gourmand,,https://guide.michelin.com/us/en/andalucia/ubeda/restaurant/cantina-la-estacion,Cantina La Estación,Úbeda,Spain,restaurant,,€€,
michelin-2026-spain,michelin,2026,,Bib Gourmand,,https://guide.michelin.com/us/en/castilla-la-mancha/villalba-de-la-sierra/restaurant/meson-nelia,Mesón Nelia,Villalba de la Sierra,Spain,restaurant,,€€,
michelin-2026-spain,michelin,2026,,Bib Gourmand,,https://guide.michelin.com/us/en/castilla-la-mancha/villarrobledo/restaurant/azafran,Azafrán,Villarrobledo,Spain,restaurant,,€€,
michelin-2026-spain,michelin,2026,,Bib Gourmand,,https://guide.michelin.com/us/en/castilla-la-mancha/es-cuenca/restaurant/olea-comedor,Olea Comedor,Cuenca,Spain,restaurant,,€,
michelin-2026-spain,michelin,2026,,Bib Gourmand,,https://guide.michelin.com/us/en/andalucia/granada/restaurant/albidaya,Albidaya,Granada,Spain,restaurant,,€€,
michelin-2026-spain,michelin,2026,,Bib Gourmand,,https://guide.michelin.com/us/en/aragon/carinena/restaurant/la-rebotica,La Rebotica,Cariñena,Spain,restaurant,,€,
michelin-2026-spain,michelin,2026,,Bib Gourmand,,https://guide.michelin.com/us/en/andalucia/monachil/restaurant/la-cantina-de-diego,La Cantina de Diego,Monachil,Spain,restaurant,,€€,
michelin-2026-spain,michelin,2026,,Bib Gourmand,,https://guide.michelin.com/us/en/andalucia/almunecar/restaurant/el-chaleco,El Chaleco,Almuñécar,Spain,restaurant,,€€,
michelin-2026-spain,michelin,2026,,Bib Gourmand,,https://guide.michelin.com/us/en/aragon/tramacastilla-de-tena/restaurant/lavedan,Lavedán,Tramacastilla de Tena,Spain,restaurant,,€€,
michelin-2026-spain,michelin,2026,,Bib Gourmand,,https://guide.michelin.com/us/en/aragon/huesca/restaurant/el-origen,El Origen,Huesca,Spain,restaurant,,€,
michelin-2026-spain,michelin,2026,,Bib Gourmand,,https://guide.michelin.com/us/en/aragon/barbastro/restaurant/la-oveja-negra,La Oveja Negra,Barbastro,Spain,restaurant,,€€,
michelin-2026-spain,michelin,2026,,Bib Gourmand,,https://guide.michelin.com/us/en/aragon/chia/restaurant/casa-chongastan,Casa Chongastán,Chía,Spain,restaurant,,€€,
michelin-2026-spain,michelin,2026,,Bib Gourmand,,https://guide.michelin.com/us/en/aragon/mora-de-rubielos/restaurant/el-rinconcico,El Rinconcico,Mora de Rubielos,Spain,restaurant,,€,
michelin-2026-spain,michelin,2026,,Bib Gourmand,,https://guide.michelin.com/us/en/comunidad-valenciana/requena/restaurant/el-yantar-la-cocina-de-pilar,El Yantar La Cocina de Pilar,Requena,Spain,restaurant,,€,
michelin-2026-spain,michelin,2026,,Bib Gourmand,,https://guide.michelin.com/us/en/aragon/binefar/restaurant/carmen-1184551,Carmen,Binéfar,Spain,restaurant,,€€,
michelin-2026-spain,michelin,2026,,Bib Gourmand,,https://guide.michelin.com/us/en/aragon/puertomingalvo_1385584/restaurant/existe-1210540,Existe,Puertomingalvo,Spain,restaurant,,€€,
michelin-2026-spain,michelin,2026,,Bib Gourmand,,https://guide.michelin.com/us/en/comunidad-valenciana/ayora_1386399/restaurant/pinea-1207164,Pinea,Ayora,Spain,restaurant,,€€,
michelin-2026-spain,michelin,2026,,Bib Gourmand,,https://guide.michelin.com/us/en/aragon/rafales/restaurant/la-alqueria,La Alquería,Ráfales,Spain,restaurant,,€€,
michelin-2026-spain,michelin,2026,,Bib Gourmand,,https://guide.michelin.com/us/en/comunidad-valenciana/morella/restaurant/daluan,Daluan,Morella,Spain,restaurant,,€€,
michelin-2026-spain,michelin,2026,,Bib Gourmand,,https://guide.michelin.com/us/en/comunidad-valenciana/morella/restaurant/meson-del-pastor,Mesón del Pastor,Morella,Spain,restaurant,,€,
michelin-2026-spain,michelin,2026,,Bib Gourmand,,https://guide.michelin.com/us/en/region-de-murcia/jumilla_1387488/restaurant/de-loreto,Loreto,Jumilla,Spain,restaurant,,€€,
michelin-2026-spain,michelin,2026,,Bib Gourmand,,https://guide.michelin.com/us/en/comunidad-valenciana/altura_1386350/restaurant/la-farola,La Farola,Altura,Spain,restaurant,,€,
michelin-2026-spain,michelin,2026,,Bib Gourmand,,https://guide.michelin.com/us/en/comunidad-valenciana/cheste/restaurant/huerto-martinez,Huerto Martínez,Cheste,Spain,restaurant,,€,
michelin-2026-spain,michelin,2026,,Bib Gourmand,,https://guide.michelin.com/us/en/catalunya/la-pobla-de-segur_1440576/restaurant/el-raier,El Raier,La Pobla de Segur,Spain,restaurant,,€€,
michelin-2026-spain,michelin,2026,,Bib Gourmand,,https://guide.michelin.com/us/en/catalunya/lleida/restaurant/sise,Sisè,Lleida,Spain,restaurant,,€€,
michelin-2026-spain,michelin,2026,,Bib Gourmand,,https://guide.michelin.com/us/en/catalunya/lleida/restaurant/aimia,Aimia,Lleida,Spain,restaurant,,€€,
michelin-2026-spain,michelin,2026,,Bib Gourmand,,https://guide.michelin.com/us/en/andalucia/vera/restaurant/terraza-carmona,Terraza Carmona,Vera,Spain,restaurant,,€€,
michelin-2026-spain,michelin,2026,,Bib Gourmand,,https://guide.michelin.com/us/en/catalunya/artesa-de-lleida/restaurant/antoni-rubies,Antoni Rubies,Artesa de Lleida,Spain,restaurant,,€,
michelin-2026-spain,michelin,2026,,Bib Gourmand,,https://guide.michelin.com/us/en/comunidad-valenciana/el-pinos/restaurant/el-raco-de-pere-i-pepa,El Racó de Pere i Pepa,El Pinós,Spain,restaurant,,€€,
michelin-2026-spain,michelin,2026,,Bib Gourmand,,https://guide.michelin.com/us/en/comunidad-valenciana/valencia/restaurant/2-estaciones,2 Estaciones,Valencia,Spain,restaurant,,€€,
michelin-2026-spain,michelin,2026,,Bib Gourmand,,https://guide.michelin.com/us/en/comunidad-valenciana/valencia/restaurant/memoria-gustativa,Memoria Gustativa,Valencia,Spain,restaurant,,€€,
michelin-2026-spain,michelin,2026,,Bib Gourmand,,https://guide.michelin.com/us/en/catalunya/ulldecona/restaurant/espacio-amunt,Bistró Amunt,Ulldecona,Spain,restaurant,,€,
michelin-2026-spain,michelin,2026,,Bib Gourmand,,https://guide.michelin.com/us/en/comunidad-valenciana/meliana/restaurant/napicol,Napicol,Meliana,Spain,restaurant,,€€,
michelin-2026-spain,michelin,2026,,Bib Gourmand,,https://guide.michelin.com/us/en/comunidad-valenciana/castell-de-la-plana/restaurant/arre,Arre,Castelló de la Plana,Spain,restaurant,,€€,
michelin-2026-spain,michelin,2026,,Bib Gourmand,,https://guide.michelin.com/us/en/comunidad-valenciana/xinorlet/restaurant/elias,Elías,Xinorlet,Spain,restaurant,,€€,
michelin-2026-spain,michelin,2026,,Bib Gourmand,,https://guide.michelin.com/us/en/comunidad-valenciana/castell-de-la-plana/restaurant/le-bistrot-gastronomico,Le Bistrot Gastronómico,Castelló de la Plana,Spain,restaurant,,€€,
michelin-2026-spain,michelin,2026,,Bib Gourmand,,https://guide.michelin.com/us/en/comunidad-valenciana/castell-de-la-plana/restaurant/izakaya-tasca,IZAKAYA Tasca Japonesa,Castelló de la Plana,Spain,restaurant,,€,
michelin-2026-spain,michelin,2026,,Bib Gourmand,,https://guide.michelin.com/us/en/catalunya/ponts/restaurant/lo-ponts,Lo Ponts,Ponts,Spain,restaurant,,€,
michelin-2026-spain,michelin,2026,,Bib Gourmand,,https://guide.michelin.com/us/en/comunidad-valenciana/alzira/restaurant/cami-vell,Cami·Vell,Alzira,Spain,restaurant,,€€,
michelin-2026-spain,michelin,2026,,Bib Gourmand,,https://guide.michelin.com/us/en/region-de-murcia/murcia/restaurant/perro-limon,Perro Limón,Murcia,Spain,restaurant,,€€,
michelin-2026-spain,michelin,2026,,Bib Gourmand,,https://guide.michelin.com/us/en/region-de-murcia/murcia/restaurant/tandem,Tándem,Murcia,Spain,restaurant,,€€,
michelin-2026-spain,michelin,2026,,Bib Gourmand,,https://guide.michelin.com/us/en/comunidad-valenciana/el-palmar/restaurant/arroceria-maribel,Arrocería Maribel,El Palmar,Spain,restaurant,,€€,
michelin-2026-spain,michelin,2026,,Bib Gourmand,,https://guide.michelin.com/us/en/catalunya/poboleda/restaurant/brots,Brots,Poboleda,Spain,restaurant,,€€,
michelin-2026-spain,michelin,2026,,Bib Gourmand,,https://guide.michelin.com/us/en/comunidad-valenciana/alfafara/restaurant/casa-el-tio-david,Casa el Tio David,Alfafara,Spain,restaurant,,€€,
michelin-2026-spain,michelin,2026,,Bib Gourmand,,https://guide.michelin.com/us/en/comunidad-valenciana/benicarlo/restaurant/pau,Pau,Benicarló,Spain,restaurant,,€,
michelin-2026-spain,michelin,2026,,Bib Gourmand,,https://guide.michelin.com/us/en/catalunya/amposta/restaurant/l-algadir,L'Algadir del Delta,Amposta,Spain,restaurant,,€€,
michelin-2026-spain,michelin,2026,,Bib Gourmand,,https://guide.michelin.com/us/en/comunidad-valenciana/cocentaina/restaurant/natxo-selles,Natxo Sellés,Cocentaina,Spain,restaurant,,€€,
michelin-2026-spain,michelin,2026,,Bib Gourmand,,https://guide.michelin.com/us/en/comunidad-valenciana/elche/restaurant/frisone,Frisone,Elche,Spain,restaurant,,€€,
michelin-2026-spain,michelin,2026,,Bib Gourmand,,https://guide.michelin.com/us/en/comunidad-valenciana/almoradi/restaurant/el-buey,El Buey,Almoradí,Spain,restaurant,,€€,
michelin-2026-spain,michelin,2026,,Bib Gourmand,,https://guide.michelin.com/us/en/comunidad-valenciana/alacant/restaurant/tabula-rasa,Tábula Rasa,Alacant,Spain,restaurant,,€€,
michelin-2026-spain,michelin,2026,,Bib Gourmand,,https://guide.michelin.com/us/en/catalunya/santa-coloma-de-queralt/restaurant/hostal-colomi,Hostal Colomí,Santa Coloma de Queralt,Spain,restaurant,,€€,
michelin-2026-spain,michelin,2026,,Bib Gourmand,,https://guide.michelin.com/us/en/comunidad-valenciana/alacant/restaurant/alba,Alba,Alacant,Spain,restaurant,,€,
michelin-2026-spain,michelin,2026,,Bib Gourmand,,https://guide.michelin.com/us/en/catalunya/tarragona/restaurant/la-xarxa,La Xarxa,Tarragona,Spain,restaurant,,€€,
michelin-2026-spain,michelin,2026,,Bib Gourmand,,https://guide.michelin.com/us/en/catalunya/igualada/restaurant/somiatruites,Somiatruites,Igualada,Spain,restaurant,,€,
michelin-2026-spain,michelin,2026,,Bib Gourmand,,https://guide.michelin.com/us/en/comunidad-valenciana/calp/restaurant/komfort,Komfort,Calp,Spain,restaurant,,€€,
michelin-2026-spain,michelin,2026,,Bib Gourmand,,https://guide.michelin.com/us/en/catalunya/vilafranca-del-penedes/restaurant/el-cigro-d-or,El Cigró d'Or,Vilafranca del Penedès,Spain,restaurant,,€,
michelin-2026-spain,michelin,2026,,Bib Gourmand,,https://guide.michelin.com/us/en/catalunya/sant-sadurni-d-anoia/restaurant/la-cava-d-en-sergi,La Cava d'en Sergi,Sant Sadurní d'Anoia,Spain,restaurant,,€,
michelin-2026-spain,michelin,2026,,Bib Gourmand,,https://guide.michelin.com/us/en/catalunya/calders/restaurant/urbisol,Urbisol,Calders,Spain,restaurant,,€€,
michelin-2026-spain,michelin,2026,,Bib Gourmand,,https://guide.michelin.com/us/en/catalunya/terrassa/restaurant/el-cel-de-les-oques,El Cel de les Oques,Terrassa,Spain,restaurant,,€€,
michelin-2026-spain,michelin,2026,,Bib Gourmand,,https://guide.michelin.com/us/en/catalunya/terrassa/restaurant/vapor-gastronomic,Vapor Gastronòmic,Terrassa,Spain,restaurant,,€,
michelin-2026-spain,michelin,2026,,Bib Gourmand,,https://guide.michelin.com/us/en/catalunya/la-vall-de-bianya/restaurant/l-hostal-de-ca-l-enric,L’Hostal de Ca l’Enric,La Vall de Bianya,Spain,restaurant,,€€,
michelin-2026-spain,michelin,2026,,Bib Gourmand,,https://guide.michelin.com/us/en/catalunya/castellar-del-valles/restaurant/garbi,Garbí,Castellar del Vallès,Spain,restaurant,,€€,
michelin-2026-spain,michelin,2026,,Bib Gourmand,,https://guide.michelin.com/us/en/catalunya/sant-quirze-del-valles/restaurant/can-ferran,Can Ferrán,Sant Quirze del Vallès,Spain,restaurant,,€,
michelin-2026-spain,michelin,2026,,Bib Gourmand,,https://guide.michelin.com/us/en/catalunya/barcelona/restaurant/sao,Saó,Barcelona,Spain,restaurant,,€€,
michelin-2026-spain,michelin,2026,,Bib Gourmand,,https://guide.michelin.com/us/en/catalunya/barcelona/restaurant/oniric,Oníric,Barcelona,Spain,restaurant,,€€,
michelin-2026-spain,michelin,2026,,Bib Gourmand,,https://guide.michelin.com/us/en/catalunya/barcelona/restaurant/avenir,Avenir,Barcelona,Spain,restaurant,,€€,
michelin-2026-spain,michelin,2026,,Bib Gourmand,,https://guide.michelin.com/us/en/catalunya/barcelona/restaurant/cruix,Cruix,Barcelona,Spain,restaurant,,€€,
michelin-2026-spain,michelin,2026,,Bib Gourmand,,https://guide.michelin.com/us/en/catalunya/barcelona/restaurant/glug,Glug,Barcelona,Spain,restaurant,,€€,
michelin-2026-spain,michelin,2026,,Bib Gourmand,,https://guide.michelin.com/us/en/catalunya/barcelona/restaurant/berbena,Berbena,Barcelona,Spain,restaurant,,€€,
michelin-2026-spain,michelin,2026,,Bib Gourmand,,https://guide.michelin.com/us/en/catalunya/macanet-de-cabrenys/restaurant/els-cacadors,Els Caçadors,Maçanet de Cabrenys,Spain,restaurant,,€€,
michelin-2026-spain,michelin,2026,,Bib Gourmand,,https://guide.michelin.com/us/en/catalunya/barcelona/restaurant/bardeni-caldeni,Bardeni-Caldeni,Barcelona,Spain,restaurant,,€€,
michelin-2026-spain,michelin,2026,,Bib Gourmand,,https://guide.michelin.com/us/en/catalunya/barcelona/restaurant/bacaro-1206273,Bacaro,Barcelona,Spain,restaurant,,€€,
michelin-2026-spain,michelin,2026,,Bib Gourmand,,https://guide.michelin.com/us/en/catalunya/santa-coloma-de-gramenet/restaurant/verat,Bar Verat,Santa Coloma de Gramenet,Spain,restaurant,,€,
michelin-2026-spain,michelin,2026,,Bib Gourmand,,https://guide.michelin.com/us/en/catalunya/mataro/restaurant/dos-cuiners,Dos Cuiners,Mataró,Spain,restaurant,,€€,
michelin-2026-spain,michelin,2026,,Bib Gourmand,,https://guide.michelin.com/us/en/catalunya/cornella-del-terri_1441200/restaurant/can-xapes,Can Xapes,Cornellà del Terri,Spain,restaurant,,€€,
michelin-2026-spain,michelin,2026,,Bib Gourmand,,https://guide.michelin.com/us/en/catalunya/vilamari/restaurant/can-boix,Can Boix,Vilamarí,Spain,restaurant,,€€,
michelin-2026-spain,michelin,2026,,Bib Gourmand,,https://guide.michelin.com/us/en/catalunya/castello-d-empuries/restaurant/bistrot-1965,Bistrot 1965,Castelló d'Empúries,Spain,restaurant,,€€,
michelin-2026-spain,michelin,2026,,Bib Gourmand,,https://guide.michelin.com/us/en/catalunya/l-escala/restaurant/mas-concas,Mas Concas,L'Escala,Spain,restaurant,,€€,
michelin-2026-spain,michelin,2026,,Bib Gourmand,,https://guide.michelin.com/us/en/catalunya/l-escala/restaurant/la-gruta,La Gruta,L'Escala,Spain,restaurant,,€€,
michelin-2026-spain,michelin,2026,,Bib Gourmand,,https://guide.michelin.com/us/en/islas-baleares/soller/restaurant/ca%C2%B4n-boqueta,Ca'n Boqueta,Sóller,Spain,restaurant,,€€,
michelin-2026-spain,michelin,2026,,Bib Gourmand,,https://guide.michelin.com/us/en/islas-baleares/es-selva/restaurant/miceli,Miceli,Selva,Spain,restaurant,,€€,
michelin-2026-spain,michelin,2026,,One Star,,https://guide.michelin.com/us/en/canillo/soldeu/restaurant/ibaya,Ibaya,Soldeu,Andorra,restaurant,,€€€€,
