place_id,action,class,keeper,instruction,source,google_name,other_rows
ChIJ-TAkCMbjf0cRypwdP0VB2C4,KEEP_PIN_HOME,UNCLASSIFIED,Alto Ristorante [fiorano-modenese],machine pass: pin-home + name test; other-row class pending,dryrun-v2,Alto Ristorante,Alto Ristorante [caracas] | Alto Ristorante [cervia] | Alto Ristorante [hong-kong]
ChIJ-cwofMkLkkYRBipdZNu328c,KEEP_PIN_HOME,UNCLASSIFIED,Restaurant Demo [helsinki],machine pass: pin-home + name test; other-row class pending,dryrun-v2,Restaurant Demo,Restaurant Demo [vilnius] | Restaurant Demo [santiago]
ChIJ0dc45VMJOxMRAIBNNu6Bo8I,KEEP_PIN_HOME,UNCLASSIFIED,ARIA [naples],machine pass: pin-home + name test; other-row class pending,dryrun-v2,Aria Restaurant,Aria Restaurant [atlanta]
ChIJ2bqzA1Nz9YgRM37M-n72Lg4,KEEP_PIN_HOME,UNCLASSIFIED,Table & Main [roswell],machine pass: pin-home + name test; other-row class pending,dryrun-v2,Table & Main,Table & Main [atlanta]
ChIJ2fnOafRqlVQRQDKUQLAY1oI,KEEP,MERGE,jory [newberg],merge portland + willamette-valley rows into one venue; CREATE city newberg; old slugs non-canonical,verified-pass-2026-08-24,JORY Restaurant,JORY Restaurant [portland] | JORY Restaurant [willamette-valley-oregon]
ChIJ3zy8ZcgZ2jERagAaSeDB9bI,KEEP_PIN_HOME,UNCLASSIFIED,PUTIEN Kitchener Road [singapore],machine pass: pin-home + name test; other-row class pending,dryrun-v2,PUTIEN Kitchener Road,PUTIEN Kitchener Road [hong-kong]
ChIJ4Sv3o_9agUcROCSRC0X4C90,KEEP,TWIN,da-vittorio [brusaporto],"id belongs to Brusaporto (3*); St. Moritz + Shanghai are own venues, own ids, renamed Da Vittorio St. Moritz / Da Vittorio Shanghai",verified-pass-2026-08-24,Da Vittorio,Da Vittorio [brusaporto] | Da Vittorio [saint-moritz]
ChIJ4TM2yHM51YkRIYvISIG7JtQ,KEEP_PIN_HOME,UNCLASSIFIED,Sundays Restaurant [uxbridge],machine pass: pin-home + name test; other-row class pending,dryrun-v2,Sundays Restaurant,Sundays Restaurant [queenstown]
ChIJ4ezbhuM0jEcR8m6BMd-ubTw,KEEP_PIN_HOME,UNCLASSIFIED,Restaurant Fleur de Sel [cossonay],machine pass: pin-home + name test; other-row class pending,dryrun-v2,Restaurant Fleur de Sel,Restaurant Fleur de Sel [honfleur]
ChIJ4xnzvx31e0gRtti7Aj3ZaaY,KEEP,PHANTOM,the-angel-at-hetton [hetton],beersel row does not exist - DELETE row,verified-pass-2026-08-24,The Angel at Hetton,The Angel at Hetton [hetton] | The Angel at Hetton [beersel]
ChIJ5TBu3kCjiYURH_drhloRzSA,KEEP_PIN_HOME,UNCLASSIFIED,Sublime [guatemala-city],machine pass: pin-home + name test; other-row class pending,dryrun-v2,Sublime Restaurante,Sublime Restaurante [tokyo]
ChIJ5w_XBmF1FEcRj7A8SXUrZNw,KEEP_PIN_HOME,UNCLASSIFIED,Miura Hotel [celadna],machine pass: pin-home + name test; other-row class pending,dryrun-v2,Miura Hotel,Miura Hotel [los-angeles]
ChIJ65H_GWBN8DURag4RO0UVLDc,KEEP_PIN_HOME,UNCLASSIFIED,Temple of Heaven [beijing],machine pass: pin-home + name test; other-row class pending,dryrun-v2,Temple of Heaven,Temple of Heaven [kyoto]
ChIJ6Tmh3bx9lUcRogoGH2j1bnQ,KEEP_PIN_HOME,UNCLASSIFIED,Bagatelle [trier],machine pass: pin-home + name test; other-row class pending,dryrun-v2,Bagatelle,Bagatelle [dole]
ChIJ6WJrhG0Z2jERFtVbDrD08jM,KEEP_PIN_HOME,UNCLASSIFIED,Meta Restaurant [singapore],machine pass: pin-home + name test; other-row class pending,dryrun-v2,Meta Restaurant,Meta Restaurant [lugano]
ChIJ6WTjLENZwokRsU3IurxvnCI,KEEP_PIN_HOME,UNCLASSIFIED,YOSHINO • NEW YORK [new-york],machine pass: pin-home + name test; other-row class pending,dryrun-v2,YOSHINO • NEW YORK,YOSHINO • NEW YORK [tokyo]
ChIJ7VMKEAiMGGARwI1hrc3Fo_0,KEEP_PIN_HOME,UNCLASSIFIED,Sushi Kanesaka Palace Hotel Tokyo [tokyo],machine pass: pin-home + name test; other-row class pending,dryrun-v2,Sushi Kanesaka Palace Hotel Tokyo,Sushi Kanesaka Palace Hotel Tokyo [london] | Sushi Kanesaka Palace Hotel Tokyo [seoul]
ChIJ7ZD3RdYvdTERrGcxMFTiVio,KEEP_PIN_HOME,UNCLASSIFIED,Tales by Chapter [ho-chi-minh-city],machine pass: pin-home + name test; other-row class pending,dryrun-v2,Tales by Chapter,Tales by Chapter [hanoi]
ChIJ8yFFGSlljEcRm_RqW1MdE9M,KEEP,TWIN,chez-philippe [geneva],"memphis is own venue, rename Chez Philippe; matcher bug class: diacritic",verified-pass-2026-08-24,Chez Philippe - Bar Grill,Chez Philippe - Bar Grill [geneva] | Chez Philippe - Bar Grill [memphis]
ChIJ91E5TZp754gR6UAe4qltcFE,KEEP_PIN_HOME,UNCLASSIFIED,Coro Restaurant [orvieto],machine pass: pin-home + name test; other-row class pending,dryrun-v2,Coro Restaurant,Coro Restaurant [orlando]
ChIJ98WP_xuTfEgRmdYlkSNf7PM,KEEP_PIN_HOME,UNCLASSIFIED,SOURCE at Gilpin Hotel [windermere],machine pass: pin-home + name test; other-row class pending,dryrun-v2,SOURCE at Gilpin Hotel,SOURCE at Gilpin Hotel [ambleside]
ChIJ9TQ7NGq1r1QR9Hp5bZrbjm8,KEEP_PIN_HOME,UNCLASSIFIED,AMANO | Mexican [caldwell],machine pass: pin-home + name test; other-row class pending,dryrun-v2,AMANO | Mexican,AMANO | Mexican [christchurch]
ChIJ9eVxliqawEcRxNSKQrQ-EeA,KEEP_PIN_HOME,UNCLASSIFIED,La Becasse Aachen [aachen],machine pass: pin-home + name test; other-row class pending,dryrun-v2,La Becasse Aachen,La Becasse Aachen [osaka]
ChIJAQAAFZnGyIARERIBHMs-GFk,KEEP_PIN_HOME,UNCLASSIFIED,Vetri Cucina Las Vegas [las-vegas],machine pass: pin-home + name test; other-row class pending,dryrun-v2,Vetri Cucina Las Vegas,Vetri Cucina Las Vegas [philadelphia]
ChIJAaUQEqp0sEcRY7t-jjdRGVM,KEEP_PIN_HOME,UNCLASSIFIED,Restaurant MARIE [hanover],machine pass: pin-home + name test; other-row class pending,dryrun-v2,Restaurant MARIE,Restaurant MARIE [amsterdam]
ChIJB1gklZX3cg0RISg_Z4oLBsI,KEEP_PIN_HOME,UNCLASSIFIED,Beluga - Mediterranean Restaurant [malaga],machine pass: pin-home + name test; other-row class pending,dryrun-v2,Beluga - Mediterranean Restaurant,Beluga - Mediterranean Restaurant [maastricht]
ChIJC5cEVxvPKxMR9iLcFzapgLA,KEEP_PIN_HOME,UNCLASSIFIED,Poggio Rosso Ristorante [castelnuovo-berardenga],machine pass: pin-home + name test; other-row class pending,dryrun-v2,Poggio Rosso Ristorante,Poggio Rosso Ristorante [milan]
ChIJC9P-B80JAWARt5f5efZh6es,KEEP_PIN_HOME,UNCLASSIFIED,Kaiten Sushi Ginza Onodera Kyoto [kyoto],machine pass: pin-home + name test; other-row class pending,dryrun-v2,Kaiten Sushi Ginza Onodera Kyoto,Kaiten Sushi Ginza Onodera Kyoto [tokyo]
ChIJCXlmZIoS6YARCtgzv_8npoI,KEEP,MERGE,the-stonehouse [santa-barbara],montecito row merges; montecito slug stays non-canonical (ZIP-93108 rule),verified-pass-2026-08-24,The Stonehouse Restaurant,The Stonehouse Restaurant [montecito] | The Stonehouse Restaurant [santa-barbara]
ChIJCYoQXG6dX0YRQvD9fggfOA0,KEEP_PIN_HOME,UNCLASSIFIED,Restaurant Ergo [stockholm],machine pass: pin-home + name test; other-row class pending,dryrun-v2,Restaurant Ergo,Restaurant Ergo [dubai]
ChIJCcAxi5RYwokRdUqdw5_FHIk,KEEP_PIN_HOME,UNCLASSIFIED,Café Boulud at Maison BARNES [new-york],machine pass: pin-home + name test; other-row class pending,dryrun-v2,Café Boulud at Maison BARNES,Café Boulud at Maison BARNES [toronto]
ChIJCwP48WAP9EcRE1P1i_b7cEs,KEEP_PIN_HOME,UNCLASSIFIED,Restaurant Troisgros Le Bois sans feuilles [ouches],machine pass: pin-home + name test; other-row class pending,dryrun-v2,Restaurant Troisgros Le Bois sans feuilles,Restaurant Troisgros Le Bois sans feuilles [lyon]
ChIJD-ENYHWBDkgRv2QOxnp_LLs,KEEP_PIN_HOME,UNCLASSIFIED,DOMA - Cuisine d’humeur & Vins chinés [saint-malo],machine pass: pin-home + name test; other-row class pending,dryrun-v2,DOMA - Cuisine d’humeur & Vins chinés,DOMA - Cuisine d’humeur & Vins chinés [miami]
ChIJD89n8vIABDQRwSAsuLBsR60,KEEP_PIN_HOME,UNCLASSIFIED,Imperial Treasure Fine Chinese Cuisine (Tsim Sha Tsui) [hong-kong],machine pass: pin-home + name test; other-row class pending,dryrun-v2,Imperial Treasure Fine Chinese Cuisine (Tsim Sha Tsui,Imperial Treasure Fine Chinese Cuisine (Tsim Sha Tsui [guangzhou]
ChIJE6dnsMNPhUcRdBj9ai38FwM,KEEP,MERGE,restaurant-magdalena [rickenbach],lucerne row merges; slug non-canonical,verified-pass-2026-08-24,Restaurant Magdalena,Restaurant Magdalena [rickenbach] | Restaurant Magdalena [lucerne]
ChIJExcPIfK_wokRtc6K_3jkhgM,KEEP_PIN_HOME,UNCLASSIFIED,Blue Hill at Stone Barns [tarrytown],machine pass: pin-home + name test; other-row class pending,dryrun-v2,Blue Hill At Stone Barns,Blue Hill At Stone Barns [new-york]
ChIJF4nE3yQU9YgRQYpaRDibsts,KEEP_PIN_HOME,UNCLASSIFIED,Spring Restaurant [marietta],machine pass: pin-home + name test; other-row class pending,dryrun-v2,Spring Restaurant,Spring Restaurant [atlanta]
ChIJG6LF5SBljEcRV2X1bg60qdk,KEEP_PIN_HOME,UNCLASSIFIED,L' Aparté [montrabe],machine pass: pin-home + name test; other-row class pending,dryrun-v2,L' Aparté,L'Aparté [geneva]
ChIJGUAOnZhdXz4ROe5rPCQCUkU,KEEP_PIN_HOME,UNCLASSIFIED,Indochine Restaurant [dubai],machine pass: pin-home + name test; other-row class pending,dryrun-v2,Indochine Restaurant,Indochine Restaurant [stellenbosch]
ChIJGV4vnJu02YgRRPZ2RRlUZbQ,KEEP_PIN_HOME,UNCLASSIFIED,The Bazaar by José Andrés [miami],machine pass: pin-home + name test; other-row class pending,dryrun-v2,The Bazaar by José Andrés,The Bazaar by José Andrés [new-york]
ChIJGWKxvwDorRIR_Sa9zGZSSRE,KEEP_PIN_HOME,UNCLASSIFIED,L' épicurien [albi],machine pass: pin-home + name test; other-row class pending,dryrun-v2,L' épicurien,L' épicurien [herve]
ChIJH2jZ86GlfDURAVZBp3imf64,KEEP_PIN_HOME,UNCLASSIFIED,L'Amitié Cheongdam [seoul],machine pass: pin-home + name test; other-row class pending,dryrun-v2,L'Amitié Cheongdam,L'Amitié Cheongdam [tokyo]
ChIJI34gYz_OrUwRq8dOvDJBkmM,KEEP,TWIN,primo [rockland],"orlando own venue, confirmed open, own id",verified-pass-2026-08-24,Primo Restaurant,Primo Restaurant [rockland] | Primo Restaurant [orlando]
ChIJISt2ZCz7w0cRvZj4g3X2IBU,KEEP_PIN_HOME,UNCLASSIFIED,Restaurant Nuance [duffel],machine pass: pin-home + name test; other-row class pending,dryrun-v2,Restaurant Nuance,Restaurant Nuance [plomeur]
ChIJIVXumiDPCUcR4Bsn7EjbqMw,KEEP_PIN_HOME,UNCLASSIFIED,elements DELI RESTAURANT LOUNGE [princeton],machine pass: pin-home + name test; other-row class pending,dryrun-v2,elements DELI RESTAURANT LOUNGE,elements DELI RESTAURANT LOUNGE [dresden]
ChIJIeYKDErvxUcRtQ0L_0LXrms,KEEP_PIN_HOME,UNCLASSIFIED,Cheval Blanc Restaurant [heemstede],machine pass: pin-home + name test; other-row class pending,dryrun-v2,Cheval Blanc Restaurant,Cheval Blanc Restaurant [illschwang] | Cheval Blanc Restaurant [basel]
ChIJJUYTasceQg0RRDvKAk9NHOM,KEEP_PIN_HOME,UNCLASSIFIED,Restaurante Chirón [valdemoro],machine pass: pin-home + name test; other-row class pending,dryrun-v2,Restaurante Chirón,Restaurante Chirón [madrid]
ChIJJyybR4xx5kcRiTv3fACK9Y0,KEEP_PIN_HOME,UNCLASSIFIED,ARMANI/RISTORANTE PARIS [paris],machine pass: pin-home + name test; other-row class pending,dryrun-v2,ARMANI/RISTORANTE PARIS,ARMANI/RISTORANTE PARIS [new-york]
ChIJK-M2b3FwsjUREyHSEAAx9Oc,KEEP_PIN_HOME,UNCLASSIFIED,Crystal Jade Restaurant [shanghai],machine pass: pin-home + name test; other-row class pending,dryrun-v2,Crystal Jade Restaurant,Crystal Jade Restaurant [hong-kong]
ChIJK3jWycBPqRIRJYdQBtHVOQI,KEEP_PIN_HOME,UNCLASSIFIED,L’échappée belle hôtel restaurant [lisle-jourdain],machine pass: pin-home + name test; other-row class pending,dryrun-v2,L’échappée belle hôtel restaurant,L’échappée belle hôtel restaurant [lanaye]
ChIJKzDAz4LHh0gRq5ZiJMP6Bf8,KEEP_PIN_HOME,UNCLASSIFIED,LYLA Restaurant & Rooms [edinburgh],machine pass: pin-home + name test; other-row class pending,dryrun-v2,LYLA Restaurant & Rooms,LYLA Restaurant & Rooms [tokyo]
ChIJL2Aj-uqifDURfdvV-jVV724,KEEP_PIN_HOME,UNCLASSIFIED,U.S. Embassy & Consulate in the Republic of Korea [seoul],machine pass: pin-home + name test; other-row class pending,dryrun-v2,U.S. Embassy & Consulate in the Republic of Korea,U.S. Embassy & Consulate in the Republic of Korea [busan]
ChIJLcAZ8Kqf4jARcqRxTY1Ajx8,KEEP_PIN_HOME,UNCLASSIFIED,IGNIV [bangkok],machine pass: pin-home + name test; other-row class pending,dryrun-v2,IGNIV Bangkok อิกนีฟ แบงค็อก,IGNIV Bangkok อิกนีฟ แบงค็อก [bad-ragaz]
ChIJLfDDYswZ2jERWFOCsmgtZvY,KEEP_PIN_HOME,UNCLASSIFIED,Terra SG [singapore],machine pass: pin-home + name test; other-row class pending,dryrun-v2,Terra SG,Terra SG [sarentino] | Terra SG [stainz]
ChIJM5BVU0erQjQR-ha7GhLCbng,KEEP_PIN_HOME,UNCLASSIFIED,壽司芳 台北 Sushiyoshi Taipei [taipei],machine pass: pin-home + name test; other-row class pending,dryrun-v2,壽司芳 台北 Sushiyoshi Taipei,壽司芳 台北 Sushiyoshi Taipei [hong-kong]
ChIJM5U4eDaGTo8R6BZOAFT5-j4,KEEP_PIN_HOME,UNCLASSIFIED,Le Chique Restaurant [puerto-morelos],machine pass: pin-home + name test; other-row class pending,dryrun-v2,Le Chique Restaurant,Le Chique Restaurant [cancun]
ChIJMZMCq4y1vJURRfysuSq4vCA,KEEP_PIN_HOME,UNCLASSIFIED,Julia Restaurante [buenos-aires],machine pass: pin-home + name test; other-row class pending,dryrun-v2,Julia Restaurante,Julia Restaurante [tokyo]
ChIJNY-UMbDTD4gRKMyKeqtQ000,KEEP_PIN_HOME,UNCLASSIFIED,Atelier Restaurant [domodossola],machine pass: pin-home + name test; other-row class pending,dryrun-v2,Atelier Restaurant,Atelier Restaurant [chicago] | Atelier Restaurant [ottawa] | Atelier Restaurant [auckland]
ChIJO6In91YLE0cRuhmajfjdvt8,KEEP_PIN_HOME,UNCLASSIFIED,La Villa Restaurant [zlin],machine pass: pin-home + name test; other-row class pending,dryrun-v2,La Villa Restaurant,La Villa Restaurant [melfi]
ChIJOQ8y5KzmvkcRy8A_Sn4dJa8,KEEP_PIN_HOME,UNCLASSIFIED,YUNICO - Japanese Fine Dining [bonn],machine pass: pin-home + name test; other-row class pending,dryrun-v2,YUNICO - Japanese Fine Dining,YUNICO - Japanese Fine Dining [osaka]
ChIJOXsLkcDNQQwRxgVyrfWO88Q,KEEP_PIN_HOME,UNCLASSIFIED,Nub Restaurante [adeje],machine pass: pin-home + name test; other-row class pending,dryrun-v2,Nub Restaurante,Nub Restaurante [nakhon-ratchasima]
ChIJOZ-cFYOXc0cRFqfGxf_7AK4,KEEP,MERGE,rossbarth [linz],linz-an-der-donau row merges; slug non-canonical,verified-pass-2026-08-24,Rossbarth,Rossbarth [linz] | Rossbarth [linz-an-der-donau]
ChIJQzwmb-QIpxIRnVgJkyRjr3A,KEEP_PIN_HOME,UNCLASSIFIED,Restaurante Carmen [binefar],machine pass: pin-home + name test; other-row class pending,dryrun-v2,Restaurante Carmen,Restaurante Carmen [lima]
ChIJR6xLOCtjSzQRn1HkaDpmvCk,KEEP_PIN_HOME,UNCLASSIFIED,Hangzhou at West Lake Four Seasons Hotel Chinese Food Restaurant [vught],machine pass: pin-home + name test; other-row class pending,dryrun-v2,Hangzhou at West Lake Four Seasons Hotel Chinese Food Restaurant,Hangzhou at West Lake Four Seasons Hotel Chinese Food Restaurant [hangzhou] | Hangzhou at West Lake Four Seasons Hotel C
ChIJR7Nuk2iZwEcR5WrQg92Dvrw,KEEP_PIN_HOME,UNCLASSIFIED,BISTRO Quellenhof [aachen],machine pass: pin-home + name test; other-row class pending,dryrun-v2,BISTRO Quellenhof,BISTRO Quellenhof [noordeloos]
ChIJR8MwLmYABDQRkyi_aTFRBcM,KEEP_PIN_HOME,UNCLASSIFIED,Restaurant Petrus [hong-kong],machine pass: pin-home + name test; other-row class pending,dryrun-v2,Restaurant Petrus,Restaurant Petrus [london]
ChIJS7pzDVhlsjUR_lDrwj9htu8,DROP_ALL,TWIN,,name mismatch beats address match (Taian Men vs Taian Table); rename Taian Table + Taian Table Guangzhou; both need fresh ids,verified-pass-2026-08-24,Taian Men,Tai'an Table [shanghai] | Taian Men [guangzhou]
ChIJT2osCNO7woARop0dYCa79OI,KEEP_PIN_HOME,UNCLASSIFIED,Sushi Zo [los-angeles],machine pass: pin-home + name test; other-row class pending,dryrun-v2,Sushi Zo,Sushi Zo [new-york]
ChIJT__BBTHEyIARNsjBlkKwgjg,KEEP_PIN_HOME,UNCLASSIFIED,estiatorio Milos Las Vegas [las-vegas],machine pass: pin-home + name test; other-row class pending,dryrun-v2,estiatorio Milos Las Vegas,estiatorio Milos Las Vegas [miami] | estiatorio Milos Las Vegas [new-york]
ChIJU1tqH2UABDQRyMAnpk05EQ8,KEEP_PIN_HOME,UNCLASSIFIED,Beefbar Hong Kong [hong-kong],machine pass: pin-home + name test; other-row class pending,dryrun-v2,Beefbar Hong Kong,Beefbar Hong Kong [monaco]
ChIJU5IJCrfVEEgRceLq8DS4dds,KEEP,TWIN,allium [quimper],"askham own venue, rename Allium at Askham Hall",verified-pass-2026-08-24,"Restaurant Allium, Quimper","Restaurant Allium, Quimper [quimper] | Restaurant Allium, Quimper [askham]"
ChIJV4HA3ygKQQ0RniTSMih24dY,KEEP_PIN_HOME,UNCLASSIFIED,Restaurante MONTIA [san-lorenzo-de-el-escorial],machine pass: pin-home + name test; other-row class pending,dryrun-v2,Restaurante MONTIA,Restaurante MONTIA [desenzano-del-garda]
ChIJV7Cpk2NhwUcRmn07ubvWFHk,KEEP_PIN_HOME,UNCLASSIFIED,Restaurant EST [heverlee],machine pass: pin-home + name test; other-row class pending,dryrun-v2,Restaurant EST,Restaurant EST [tokyo]
ChIJV8box5nxQQ0Rd1mn354IgBs,KEEP_PIN_HOME,UNCLASSIFIED,Ancestral Restaurante [pozuelo-de-alarcon],machine pass: pin-home + name test; other-row class pending,dryrun-v2,Ancestral Restaurante,Ancestral Restaurante [la-paz]
ChIJVVUFgnpINYgRiUsS04XrmQM,KEEP,MERGE,lautrec [farmington],laurel-highlands row merges; slug non-canonical,verified-pass-2026-08-24,Lautrec,Lautrec [farmington] | Lautrec [laurel-highlands-pennsylvania]
ChIJVZnM2DVDXz4RL08f3Rp_KZo,KEEP,TWIN,the-bulgari-bar [dubai],"rome + milan own venues, own ids",verified-pass-2026-08-24,The Bulgari Bar,The Bulgari Bar [dubai] | The Bulgari Bar [rome] | The Bulgari Bar [milan]
ChIJW_du2f67woAR7ftXN3yTlWU,KEEP,TWIN,spago [los-angeles],maui own venue; matcher bug class: metro containment,verified-pass-2026-08-24,Spago,Spago [los-angeles] | Spago [maui]
ChIJWdOGHRKuEmsR6al3OVtQAqQ,KEEP,TWIN,eau-de-vie [sydney],"melbourne own venue, confirmed open, rename Eau de Vie Melbourne",verified-pass-2026-08-24,Eau De Vie Sydney,Eau De Vie Sydney [sydney] | Eau De Vie Sydney [melbourne]
ChIJWwHAWUCuEmsRNlPEcQfDB5E,DROP_ALL,TWIN,,ivy Sydney vs The Ivy LA - unrelated; rename LA row The Ivy; both need fresh ids,verified-pass-2026-08-24,ivy Sydney,The Ivy [sydney] | ivy Sydney [los-angeles]
ChIJWzvX3MTaVHkRa_l41Y4kvMc,KEEP_PIN_HOME,UNCLASSIFIED,Morimoto Maui [wailea],machine pass: pin-home + name test; other-row class pending,dryrun-v2,Morimoto Maui,Morimoto Maui [las-vegas] | Morimoto Maui [philadelphia]
ChIJXR5VKMLBhkcRnogPgUdnbNU,KEEP_PIN_HOME,UNCLASSIFIED,Anima Milano | Enrico Bartolini [tuttlingen],machine pass: pin-home + name test; other-row class pending,dryrun-v2,Anima Milano | Enrico Bartolini,Anima Milano | Enrico Bartolini [milan]
ChIJXTVpoFXFyIARTfILeRYBZiQ,KEEP_PIN_HOME,UNCLASSIFIED,Mott 32 Las Vegas [las-vegas],machine pass: pin-home + name test; other-row class pending,dryrun-v2,Mott 32 Las Vegas,Mott 32 Las Vegas [toronto] | Mott 32 Las Vegas [hong-kong] | Mott 32 Las Vegas [vancouver]
ChIJXfTB2L2f4jARtLgqJNfth2c,KEEP_PIN_HOME,UNCLASSIFIED,AVANT [bangkok],machine pass: pin-home + name test; other-row class pending,dryrun-v2,Avant เอวองท์,Avant เอวองท์ [shenzhen]
ChIJY6-uVm8BBDQRqKRAxg08eDM,KEEP_PIN_HOME,UNCLASSIFIED,WAGYUMAFIA Hong Kong [hong-kong],machine pass: pin-home + name test; other-row class pending,dryrun-v2,WAGYUMAFIA Hong Kong,WAGYUMAFIA Hong Kong [tokyo]
ChIJZQYNdEmi9YgRRtuX9ZzsRQ4,KEEP_PIN_HOME,UNCLASSIFIED,Masterpiece [duluth],machine pass: pin-home + name test; other-row class pending,dryrun-v2,Masterpiece,Masterpiece [atlanta]
ChIJZdYsWjfIBZERGsmTqMbsqDk,KEEP_PIN_HOME,UNCLASSIFIED,La Mar [lima],machine pass: pin-home + name test; other-row class pending,dryrun-v2,La Mar Cevichería Peruana,La Mar Cevichería Peruana [miami]
ChIJ_4jsN8Rkh0cRRXQ3AcvlF8Q,KEEP_PIN_HOME,UNCLASSIFIED,Ristorante Il Moro [capriata-dorba],machine pass: pin-home + name test; other-row class pending,dryrun-v2,Ristorante Il Moro,Ristorante Il Moro [los-angeles]
ChIJ__9zd3wABDQR9jco3PBl3bg,KEEP,TWIN,coa [hong-kong],"shanghai own venue, own id",verified-pass-2026-08-24,COA,COA [hong-kong] | COA [shanghai]
ChIJaTcUlWcABDQRtEckm4zxT6c,KEEP_PIN_HOME,UNCLASSIFIED,Man Ho Chinese Restaurant [hong-kong],machine pass: pin-home + name test; other-row class pending,dryrun-v2,Man Ho Chinese Restaurant,Man Ho Chinese Restaurant [hangzhou]
ChIJazr3QgBbrRIRy-CSCmzIBT0,KEEP,TWIN,oxalis [marcoles],"schluchsee PERMANENTLY CLOSED: status=closed, published=false; award record stays",verified-pass-2026-08-24,OXALIS,OXALIS [marcoles] | OXALIS [schluchsee]
ChIJb6z87k91skcR6FUJzL9rBRk,KEEP_PIN_HOME,UNCLASSIFIED,Restaurant BelVeder [scharbeutz],machine pass: pin-home + name test; other-row class pending,dryrun-v2,Restaurant BelVeder,Restaurant BelVeder [osaka]
ChIJbS02vOgtDogRBF0gU49SmLc,KEEP_PIN_HOME,UNCLASSIFIED,PERILLA korean steakhouse [chicago],machine pass: pin-home + name test; other-row class pending,dryrun-v2,PERILLA korean steakhouse,PERILLA korean steakhouse [london]
ChIJc3vlaSUT6YARjVj5-kbcxrI,KEEP,MERGE,carusos [santa-barbara],montecito row merges; slug non-canonical (ZIP-93108 rule),verified-pass-2026-08-24,Caruso's,Caruso's [santa-barbara] | Caruso's [montecito]
ChIJc46NSNvrzRIRSB5YvwO9m8Q,KEEP_PIN_HOME,UNCLASSIFIED,L’Orangerie-restaurant Menton [pornic],machine pass: pin-home + name test; other-row class pending,dryrun-v2,L’Orangerie-restaurant Menton,L’Orangerie-restaurant Menton [menton] | L’Orangerie-restaurant Menton [paris]
ChIJc6ol652MGGARNesDM-iVt5c,KEEP_PIN_HOME,UNCLASSIFIED,Aoyama sushi Umi [tokyo],machine pass: pin-home + name test; other-row class pending,dryrun-v2,Aoyama sushi Umi,Aoyama sushi Umi [panama-city]
ChIJcS9-wutre0cRSX0VpdBkLI0,KEEP_PIN_HOME,UNCLASSIFIED,Harry's Piccolo Trieste [trieste],machine pass: pin-home + name test; other-row class pending,dryrun-v2,Harry's Piccolo Trieste,Harry's Piccolo Trieste [porec]
ChIJd2j8l19vnUcRhFKm2pir2VQ,KEEP_PIN_HOME,UNCLASSIFIED,Schwarzer Adler Restaurant [vogtsburg-im-kaiserstuhl],machine pass: pin-home + name test; other-row class pending,dryrun-v2,Schwarzer Adler Restaurant,Schwarzer Adler Restaurant [hall-in-tirol]
ChIJeQjINsHbd0cRfD9s9A0z_Sg,KEEP,MERGE,guatzessen [stumm],stumm-im-zillertal row merges; slug non-canonical,verified-pass-2026-08-24,Restaurant GuatzEssen,Restaurant GuatzEssen [stumm] | Restaurant GuatzEssen [stumm-im-zillertal]
ChIJeSToOgcKkEcRgiVTUfjVOTg,KEEP_PIN_HOME,UNCLASSIFIED,Boucherie AuGust [zurich],machine pass: pin-home + name test; other-row class pending,dryrun-v2,Boucherie AuGust,Boucherie AuGust [jakarta] | Boucherie AuGust [new-orleans] | Boucherie AuGust [augsburg]
ChIJeYu9YXL3cg0R_tDHQ6JhhbA,KEEP_PIN_HOME,UNCLASSIFIED,Blossom Restaurant [malaga],machine pass: pin-home + name test; other-row class pending,dryrun-v2,Blossom Restaurant,Blossom Restaurant [shanghai]
ChIJexaK7g33xUcR4UZCZiegd8A,KEEP_PIN_HOME,UNCLASSIFIED,Restaurant Apicius [castricum],machine pass: pin-home + name test; other-row class pending,dryrun-v2,Restaurant Apicius,Restaurant Apicius [clermont-ferrand] | Restaurant Apicius [paris] | Restaurant Apicius [tokyo] | Restaurant Apicius [ba
ChIJf4E3cK4dDTkRoDEOORhEAdI,KEEP,PHANTOM,pco [new-delhi],mumbai row does not exist - DELETE row,verified-pass-2026-08-24,PCO Bar,PCO Bar [new-delhi] | PCO Bar [mumbai]
ChIJf6oic1LFRT4RpitALpNivyc,KEEP_PIN_HOME,UNCLASSIFIED,Jamavar Doha [doha],machine pass: pin-home + name test; other-row class pending,dryrun-v2,Jamavar Doha,Jamavar Doha [dubai] | Jamavar Doha [london] | Jamavar Doha [bengaluru]
ChIJfbKgG5iMGGARQ9EQcG1KuZY,REMOVE_BOTH,NOT_A_VENUE,,Dialog in the Dark is a museum - delete both rows from venues (ingest error),verified-pass-2026-08-24,Dialog in the Dark Japan,Dialog in the Dark Japan [tokyo] | Dialog in the Dark Japan [los-angeles]
ChIJfzVHijiLGGARGjwUfCAQ_CQ,KEEP_PIN_HOME,UNCLASSIFIED,Nikuya Tanaka Ginza [tokyo],machine pass: pin-home + name test; other-row class pending,dryrun-v2,Nikuya Tanaka Ginza,Nikuya Tanaka Ginza [singapore]
ChIJg7292sOxe0gRk1EdjXnft_8,KEEP_PIN_HOME,UNCLASSIFIED,El Gato Negro Tapas Manchester [manchester],machine pass: pin-home + name test; other-row class pending,dryrun-v2,El Gato Negro Tapas Manchester,El Gato Negro Tapas Manchester [vilnius]
ChIJgU5pvbfGyIAR5qHUzVgyhLA,KEEP_PIN_HOME,UNCLASSIFIED,Kabuto Edomae Sushi [las-vegas],machine pass: pin-home + name test; other-row class pending,dryrun-v2,Kabuto Edomae Sushi,Kabuto Edomae Sushi [san-francisco]
ChIJhRTUlZqipBIRyWfgLW8a9CQ,KEEP,TWIN,dry-martini [barcelona],"sorrento own venue, rename Dry Martini Sorrento",verified-pass-2026-08-24,Dry Martini Barcelona,Dry Martini Barcelona [barcelona] | Dry Martini Barcelona [sorrento]
ChIJhw9kfo0Z2jERQvBMA2bcwP8,KEEP_PIN_HOME,UNCLASSIFIED,Ginza Sushi Ichi Singapore [singapore],machine pass: pin-home + name test; other-row class pending,dryrun-v2,Ginza Sushi Ichi Singapore,Ginza Sushi Ichi Singapore [tokyo]
ChIJhwSoqVelUQ0RY-IbWu6ubUg,KEEP,TWIN,amelia [san-sebastian],dubai is a DIFFERENT business; rename Amelia (drop Airaudo association),verified-pass-2026-08-24,Amelia by Paulo Airaudo,Amelia by Paulo Airaudo [san-sebastian] | Amelia by Paulo Airaudo [dubai]
ChIJhyrbUDeZ4jARrb1yWJ54qGc,KEEP_PIN_HOME,UNCLASSIFIED,Sushi Saito [bangkok],machine pass: pin-home + name test; other-row class pending,dryrun-v2,Sushi Saito Thailand,Sushi Saito Thailand [tokyo]
ChIJidd2DagBBDQR7ZT_w4lvMdY,KEEP_PIN_HOME,UNCLASSIFIED,Yong Fu Hong Kong [hong-kong],machine pass: pin-home + name test; other-row class pending,dryrun-v2,Yong Fu Hong Kong,Yong Fu Hong Kong [shanghai]
ChIJj4UArV_L7zYRxEa59jsu1O4,KEEP_PIN_HOME,UNCLASSIFIED,Yuzhilan Fabrics [chengdu],machine pass: pin-home + name test; other-row class pending,dryrun-v2,Yuzhilan Fabrics,Yuzhilan Fabrics [hangzhou]
ChIJjYYtUVIBBDQR5DWJ-IDxEwI,KEEP_PIN_HOME,UNCLASSIFIED,The Diplomat Hong Kong [hong-kong],machine pass: pin-home + name test; other-row class pending,dryrun-v2,The Diplomat Hong Kong,The Diplomat Hong Kong [milwaukee]
ChIJjbgz95YbdkgRdMJVFi1f_7A,KEEP_PIN_HOME,UNCLASSIFIED,LABS House [london],machine pass: pin-home + name test; other-row class pending,dryrun-v2,LABS House,LABS House [taipei]
ChIJjzUsVwTndUgRbIiRPcnMY6k,KEEP_PIN_HOME,UNCLASSIFIED,Sorrel Restaurant [dorking],machine pass: pin-home + name test; other-row class pending,dryrun-v2,Sorrel Restaurant,Sorrel Restaurant [san-francisco]
ChIJk2Xz8FcIYUgR2t9j9OGTIP4,KEEP_PIN_HOME,UNCLASSIFIED,EDO Restaurant [belfast],machine pass: pin-home + name test; other-row class pending,dryrun-v2,EDO Restaurant,EDO Restaurant [crans-montana]
ChIJkdKNmV2aP44RJQpGQ2JO554,KEEP,PHANTOM,harry-sasson [bogota],sao-paulo row does not exist - DELETE row,verified-pass-2026-08-24,Harry Sasson,Harry Sasson [sao-paulo] | Harry Sasson [bogota]
ChIJl37AmnwpQg0R2pcFRgLqEBE,KEEP_PIN_HOME,UNCLASSIFIED,Restaurante Pabú [madrid],machine pass: pin-home + name test; other-row class pending,dryrun-v2,Restaurante Pabú,Restaurante Pabú [san-francisco]
ChIJlayPgPMpQg0RTfnpWV0v1bg,KEEP_PIN_HOME,UNCLASSIFIED,Restaurante Toki [madrid],machine pass: pin-home + name test; other-row class pending,dryrun-v2,Restaurante Toki,Restaurante Toki [tokyo]
ChIJlyhHBYPFHg0RUhMGeY6WCqY,KEEP_PIN_HOME,UNCLASSIFIED,KAPPO | Japanese Cuisine [cascais],machine pass: pin-home + name test; other-row class pending,dryrun-v2,KAPPO | Japanese Cuisine,KAPPO | Japanese Cuisine [madrid]
ChIJm7L39Gkpw0cRahkY97qla7k,KEEP_PIN_HOME,UNCLASSIFIED,Harmonie Restaurant [villeneuve-dascq],machine pass: pin-home + name test; other-row class pending,dryrun-v2,Harmonie Restaurant,Harmonie Restaurant [lichtenberg]
ChIJmSvG_ZFZwokRTOFeiLXzkmA,KEEP_PIN_HOME,UNCLASSIFIED,Carbone New York [new-york],machine pass: pin-home + name test; other-row class pending,dryrun-v2,Carbone New York,Carbone New York [las-vegas] | Carbone New York [hong-kong]
ChIJn-wx7LQddkgRMWv5bVEiEfQ,KEEP_PIN_HOME,UNCLASSIFIED,Da Terra Restaurant [london],machine pass: pin-home + name test; other-row class pending,dryrun-v2,Da Terra Restaurant,Da Terra Restaurant [nara]
ChIJn3KRuzgZ2jERq14svIz5O9g,KEEP_PIN_HOME,UNCLASSIFIED,Imperial Treasure Fine Teochew Cuisine [singapore],machine pass: pin-home + name test; other-row class pending,dryrun-v2,Imperial Treasure Fine Teochew Cuisine,Imperial Treasure Fine Teochew Cuisine [guangzhou]
ChIJnWdQKQQZ2jERxH3g-HsHchE,KEEP_PIN_HOME,UNCLASSIFIED,CUT by Wolfgang Puck [singapore],machine pass: pin-home + name test; other-row class pending,dryrun-v2,CUT by Wolfgang Puck,CUT by Wolfgang Puck [los-angeles] | CUT by Wolfgang Puck [new-york] | CUT by Wolfgang Puck [las-vegas]
ChIJnZKDYae2lUcRrzqk8mu6gwY,KEEP_PIN_HOME,UNCLASSIFIED,ESPLANADE Saarbrücken [saarbrucken],machine pass: pin-home + name test; other-row class pending,dryrun-v2,ESPLANADE Saarbrücken,ESPLANADE Saarbrücken [desenzano-del-garda]
ChIJneuWnnMtl0cRKFA3eCffEIE,KEEP_PIN_HOME,UNCLASSIFIED,Gourmetrestaurant Le Pavillon - Martin Herrmann [bad-peterstal-griesbach],machine pass: pin-home + name test; other-row class pending,dryrun-v2,Gourmetrestaurant Le Pavillon - Martin Herrmann,Gourmetrestaurant Le Pavillon - Martin Herrmann [new-york]
ChIJnwNr5GpDXz4RZRnHe_wrUIU,KEEP_PIN_HOME,UNCLASSIFIED,Berenjak Dubai [dubai],machine pass: pin-home + name test; other-row class pending,dryrun-v2,Berenjak Dubai,Berenjak Dubai [london]
ChIJo7Stpycj7UcRO962BEmkpZg,KEEP_PIN_HOME,UNCLASSIFIED,Mirabelle salle à manger [langres],machine pass: pin-home + name test; other-row class pending,dryrun-v2,Mirabelle salle à manger,Mirabelle salle à manger [bekkjarvik] | Mirabelle salle à manger [vail-and-beaver-creek-colorado]
ChIJoVieO_GLGGARmorh-DZUURk,KEEP_PIN_HOME,UNCLASSIFIED,ShinoiS [tokyo],machine pass: pin-home + name test; other-row class pending,dryrun-v2,ShinoiS,ShinoiS [shiga]
ChIJpUivl4Ss8TURC3ygTskJKgI,KEEP_PIN_HOME,UNCLASSIFIED,Xinrongji [beijing],machine pass: pin-home + name test; other-row class pending,dryrun-v2,Xinrongji,Xinrongji [hong-kong]
ChIJpXOnYjvFRT4RYwXm5TRCdW0,KEEP_PIN_HOME,UNCLASSIFIED,Hoppers Doha [doha],machine pass: pin-home + name test; other-row class pending,dryrun-v2,Hoppers Doha,Hoppers Doha [london] | Hoppers Doha [tokyo]
ChIJpe0yABKf4jARAc0xgSi-RgY,KEEP_PIN_HOME,UNCLASSIFIED,GOAT Bangkok [bangkok],machine pass: pin-home + name test; other-row class pending,dryrun-v2,GOAT Bangkok,GOAT Bangkok [auckland]
ChIJq1UftCkpQg0RWN7BXvf4TVs,KEEP_PIN_HOME,UNCLASSIFIED,Smoked Room Madrid. Fire Omakase by Dani García [madrid],machine pass: pin-home + name test; other-row class pending,dryrun-v2,Smoked Room Madrid. Fire Omakase by Dani García,Smoked Room Madrid. Fire Omakase by Dani García [dubai]
ChIJr1N1BMlC1moR6aJLe1nHgPQ,KEEP_PIN_HOME,UNCLASSIFIED,Flower Drum Restaurant Melbourne [melbourne],machine pass: pin-home + name test; other-row class pending,dryrun-v2,Flower Drum Restaurant Melbourne,Flower Drum Restaurant Melbourne [hong-kong]
ChIJrW8egwN1nkcRcSAVCJYQpZY,KEEP_PIN_HOME,UNCLASSIFIED,Jan [munich],machine pass: pin-home + name test; other-row class pending,dryrun-v2,Restaurant JAN - Jan Hartwig,Restaurant JAN - Jan Hartwig [nice]
ChIJrbAVNIOMGGARXNvkApcqvng,KEEP_PIN_HOME,UNCLASSIFIED,NARISAWA [tokyo],machine pass: pin-home + name test; other-row class pending,dryrun-v2,Narisawa,Narisawa [shanghai]
ChIJsenPXmXHhUcRq-cSDrpYnZQ,KEEP_PIN_HOME,UNCLASSIFIED,Ristorante Agorà [brissago],machine pass: pin-home + name test; other-row class pending,dryrun-v2,Ristorante Agorà,Ristorante Agorà [london]
ChIJtYvu31QIYUgRLtFOFF5F6hM,KEEP_PIN_HOME,UNCLASSIFIED,OX Belfast [darmstadt],machine pass: pin-home + name test; other-row class pending,dryrun-v2,OX Belfast,OX Belfast [belfast] | OX Belfast [reykjavik] | OX Belfast [portland]
ChIJtalU4j6jkUcRIpkuqoSOizk,KEEP_PIN_HOME,UNCLASSIFIED,Traube Blansingen [efringen-kirchen],machine pass: pin-home + name test; other-row class pending,dryrun-v2,Traube Blansingen,Traube Blansingen [trimbach]
ChIJtcwJ8sRv5kcRK1e1LOEyoHg,KEEP_PIN_HOME,UNCLASSIFIED,Imperial Treasure Fine Chinese Cuisine [paris],machine pass: pin-home + name test; other-row class pending,dryrun-v2,Imperial Treasure Fine Chinese Cuisine,Imperial Treasure Fine Chinese Cuisine [shanghai]
ChIJtfNz9ns5AWAR8Xdoj-x6poE,KEEP_PIN_HOME,UNCLASSIFIED,Nara Prison Museum by Hoshino Resorts [nara],machine pass: pin-home + name test; other-row class pending,dryrun-v2,Nara Prison Museum by Hoshino Resorts,Nara Prison Museum by Hoshino Resorts [tokyo]
ChIJtzlJgy8FdkgRe0mah9wlo_0,KEEP_PIN_HOME,UNCLASSIFIED,Nobu London (Old Park Lane) [london],machine pass: pin-home + name test; other-row class pending,dryrun-v2,Nobu London (Old Park Lane),Nobu London (Old Park Lane) [new-york]
ChIJuWUH2Cmr8TUR1xWeZhHH2xA,KEEP_PIN_HOME,UNCLASSIFIED,Dadong Roast Duck Restaurant [beijing],machine pass: pin-home + name test; other-row class pending,dryrun-v2,Dadong Roast Duck Restaurant,Dadong Roast Duck Restaurant [shanghai]
ChIJufG0J2VTBQ0RsWJhdz2Gqmc,KEEP_PIN_HOME,UNCLASSIFIED,Restaurante Alameda [faro],machine pass: pin-home + name test; other-row class pending,dryrun-v2,Restaurante Alameda,Restaurante Alameda [hondarribia]
ChIJw0cwDkShXogR4zPmun7hlro,KEEP,MERGE,the-barn [walland],knoxville row merges; slug non-canonical; matcher bug class: adjacent rural postal,verified-pass-2026-08-24,The Barn,The Barn [knoxville-tennessee] | The Barn [walland]
ChIJw43KgEy5t4kRarwZlIG4yg0,KEEP_PIN_HOME,UNCLASSIFIED,Elcielo Restaurant Washington D.C. [washington-dc],machine pass: pin-home + name test; other-row class pending,dryrun-v2,Elcielo Restaurant Washington D.C.,Elcielo Restaurant Washington D.C. [bogota]
ChIJw87e4dkukUcRX1CYzxaUu_0,KEEP_PIN_HOME,UNCLASSIFIED,Hotel-Restaurant Adler - Daniel Otto Fehrenbacher [lahr],machine pass: pin-home + name test; other-row class pending,dryrun-v2,Hotel-Restaurant Adler - Daniel Otto Fehrenbacher,Hotel-Restaurant Adler - Daniel Otto Fehrenbacher [ried-muotathal]
ChIJwVykxpIABDQR1MZ-gH1ykQk,KEEP_PIN_HOME,UNCLASSIFIED,Joël Robuchon [hong-kong],machine pass: pin-home + name test; other-row class pending,dryrun-v2,Joël Robuchon,Joël Robuchon [taipei] | Joël Robuchon [paris]
ChIJweMOgwxZwokRm_BlZ1YAiZc,KEEP_PIN_HOME,UNCLASSIFIED,Hutong New York [new-york],machine pass: pin-home + name test; other-row class pending,dryrun-v2,Hutong New York,Hutong New York [london]
ChIJx7NewtO0woARCEk05DbH2tA,KEEP_PIN_HOME,UNCLASSIFIED,Inaba Japanese Restaurant [torrence],machine pass: pin-home + name test; other-row class pending,dryrun-v2,Inaba Japanese Restaurant,Inaba Japanese Restaurant [torrance] | Inaba Japanese Restaurant [honolulu]
ChIJx8MSQzxZwokRbNE3X96B84s,KEEP,TWIN,seed-library [new-york],"london own venue (the original), own id",verified-pass-2026-08-24,Seed Library NYC,Seed Library NYC [new-york] | Seed Library NYC [london]
ChIJxaAzu4EoQg0RtvLumbkqOe4,KEEP_PIN_HOME,UNCLASSIFIED,Salmon Guru - A CONTRACORRIENTE [madrid],machine pass: pin-home + name test; other-row class pending,dryrun-v2,Salmon Guru - A CONTRACORRIENTE,Salmon Guru - A CONTRACORRIENTE [dubai] | Salmon Guru - A CONTRACORRIENTE [milan]
ChIJxeTXptJ01kgR4Dcvo45O5Cs,KEEP_PIN_HOME,UNCLASSIFIED,Dill Restaurant [lewes],machine pass: pin-home + name test; other-row class pending,dryrun-v2,Dill Restaurant,Dill Restaurant [reykjavik]
ChIJxxa_ELAPdkgRF2wx7RLroiY,KEEP_PIN_HOME,UNCLASSIFIED,The River Café [london],machine pass: pin-home + name test; other-row class pending,dryrun-v2,The River Café,The River Café [new-york] | The River Café [calgary]
ChIJy-7vSn9T80cRtk5EsO_WC3Q,KEEP_PIN_HOME,UNCLASSIFIED,Agave Restaurante [bourg-en-bresse],machine pass: pin-home + name test; other-row class pending,dryrun-v2,Agave Restaurante,Agave Restaurante [ubon-ratchathani]
ChIJyZd6oCcFdkgR8CXAKet9630,KEEP_PIN_HOME,UNCLASSIFIED,Aulis London [london],machine pass: pin-home + name test; other-row class pending,dryrun-v2,Aulis London,Aulis London [phang-nga]
ChIJz-WME0VDXz4RN7Fy4RxO3sA,KEEP_PIN_HOME,UNCLASSIFIED,Sexy Fish [dubai],machine pass: pin-home + name test; other-row class pending,dryrun-v2,Sexy Fish Dubai,Sexy Fish Dubai [london] | Sexy Fish Dubai [manchester] | Sexy Fish Dubai [miami]
ChIJz-m4m6tXhUcRr8buG169t1k,KEEP_PIN_HOME,UNCLASSIFIED,Restaurant Focus Atelier [vitznau],machine pass: pin-home + name test; other-row class pending,dryrun-v2,Restaurant Focus Atelier,Restaurant Focus Atelier [canterbury]
ChIJz2Whyx61RIYR7mCeZje-QWw,KEEP_PIN_HOME,UNCLASSIFIED,Uchi Austin [austin],machine pass: pin-home + name test; other-row class pending,dryrun-v2,Uchi Austin,Uchi Austin [miami]
ChIJzX5hJ-pCkUcRgzO2hBUErIU,KEEP_PIN_HOME,UNCLASSIFIED,Auberge de l'Ill [illhaeusern],machine pass: pin-home + name test; other-row class pending,dryrun-v2,Auberge de l'Ill,Auberge de l'Ill [alsace] | Auberge de l'Ill [sapporo]
ChIJzYVfPY4IAWAR9YmMkv5T9Rk,KEEP_PIN_HOME,UNCLASSIFIED,Isshisouden Nakamura [kyoto],machine pass: pin-home + name test; other-row class pending,dryrun-v2,Isshisouden Nakamura,Isshisouden Nakamura [tokyo]
